neighbors,seed,num_inserts,seg_size
0,1,0,5881
0,1,500,5881
0,1,1000,5881
0,1,1500,5881
0,1,2000,5881
0,1,2500,5881
0,1,3000,5881
0,1,3500,5881
0,1,4000,5881
0,1,4500,5881
0,1,5000,5881
0,1,5500,5881
0,1,6000,5881
0,1,6500,5881
0,1,7000,5881
0,1,7500,5881
0,1,8000,5881
0,1,8500,5758
0,1,9000,5758
0,1,9500,5758
0,1,10000,5758
0,1,10500,5461
0,1,11000,5461
0,1,11500,5461
0,1,12000,5461
0,1,12500,5461
0,1,13000,5461
0,1,13500,5461
0,1,14000,5461
0,1,14500,5461
0,1,15000,5461
0,1,15500,5351
0,1,16000,5245
0,1,16500,5148
0,1,17000,5148
0,1,17500,5050
0,1,18000,4956
0,1,18500,4866
0,1,19000,4784
0,1,19500,4619
0,1,20000,4619
0,1,20500,4619
0,1,21000,4624
0,1,21500,4624
0,1,22000,4628
0,1,22500,4642
0,1,23000,4564
0,1,23500,4564
0,1,24000,4564
0,1,24500,4493
0,1,25000,4424
0,1,25500,4424
0,1,26000,4424
0,1,26500,4424
0,1,27000,4429
0,1,27500,4433
0,1,28000,4362
0,1,28500,4362
0,1,29000,4362
0,1,29500,4227
0,1,30000,4163
0,1,30500,4163
0,1,31000,3983
0,1,31500,3927
0,1,32000,3872
0,1,32500,3819
0,1,33000,3819
0,1,33500,3774
0,1,34000,3675
0,1,34500,3682
0,1,35000,3635
0,1,35500,3638
0,1,36000,3638
0,1,36500,3638
0,1,37000,3592
0,1,37500,3550
0,1,38000,3507
0,1,38500,3507
0,1,39000,3507
0,1,39500,3464
0,1,40000,3464
0,1,40500,3422
0,1,41000,3422
0,1,41500,3403
0,1,42000,3331
0,1,42500,3334
0,1,43000,3334
0,1,43500,3334
0,1,44000,3296
0,1,44500,3183
0,1,45000,3115
0,1,45500,3085
0,1,46000,3085
0,1,46500,3088
0,1,47000,3055
0,1,47500,3055
0,1,48000,3055
0,1,48500,2993
0,1,49000,2993
0,1,49500,2993
0,1,50000,2933
0,1,50500,2904
0,1,51000,2876
0,1,51500,2878
0,1,52000,2823
0,1,52500,2829
0,1,53000,2829
0,1,53500,2834
0,1,54000,2834
0,1,54500,2834
0,1,55000,2837
0,1,55500,2837
0,1,56000,2839
0,1,56500,2839
0,1,57000,2813
0,1,57500,2813
0,1,58000,2761
0,1,58500,2761
0,1,59000,2761
0,1,59500,2761
0,1,60000,2736
0,1,60500,2736
0,1,61000,2736
0,1,61500,2736
0,1,62000,2738
0,1,62500,2713
0,1,63000,2713
0,1,63500,2716
0,1,64000,2721
0,1,64500,2724
0,1,65000,2726
0,1,65500,2691
0,1,66000,2691
0,1,66500,2691
0,1,67000,2647
0,1,67500,2629
0,1,68000,2631
0,1,68500,2609
0,1,69000,2587
0,1,69500,2570
0,1,70000,2570
0,1,70500,2570
0,1,71000,2551
0,1,71500,2554
0,1,72000,2554
0,1,72500,2556
0,1,73000,2558
0,1,73500,2540
0,1,74000,2524
0,1,74500,2526
0,1,75000,2526
0,1,75500,2528
0,1,76000,2508
0,1,76500,2488
0,1,77000,2490
0,1,77500,2493
0,1,78000,2473
0,1,78500,2473
0,1,79000,2473
0,1,79500,2473
0,1,80000,2473
0,1,80500,2473
0,1,81000,2473
0,1,81500,2475
0,1,82000,2477
0,1,82500,2477
0,1,83000,2477
0,1,83500,2477
0,1,84000,2480
0,1,84500,2460
0,1,85000,2441
0,1,85500,2441
0,1,86000,2423
0,1,86500,2423
0,1,87000,2423
0,1,87500,2386
0,1,88000,2386
0,1,88500,2351
0,1,89000,2315
0,1,89500,2317
0,1,90000,2319
0,1,90500,2304
0,1,91000,2306
0,1,91500,2309
0,1,92000,2309
0,1,92500,2309
0,1,93000,2311
0,1,93500,2311
0,1,94000,2313
0,1,94500,2300
0,1,95000,2302
0,1,95500,2286
0,1,96000,2272
0,1,96500,2256
0,1,97000,2258
0,1,97500,2258
0,1,98000,2243
0,1,98500,2245
0,1,99000,2245
0,1,99500,2245
0,1,100000,2249
2,1,0,5881
2,1,500,5881
2,1,1000,5881
2,1,1500,5881
2,1,2000,5881
2,1,2500,5881
2,1,3000,5881
2,1,3500,5881
2,1,4000,5881
2,1,4500,5881
2,1,5000,5881
2,1,5500,5881
2,1,6000,5881
2,1,6500,5881
2,1,7000,5881
2,1,7500,5881
2,1,8000,5881
2,1,8500,5828
2,1,9000,5828
2,1,9500,5828
2,1,10000,5828
2,1,10500,5771
2,1,11000,5659
2,1,11500,5659
2,1,12000,5659
2,1,12500,5659
2,1,13000,5659
2,1,13500,5659
2,1,14000,5659
2,1,14500,5659
2,1,15000,5659
2,1,15500,5659
2,1,16000,5659
2,1,16500,5619
2,1,17000,5619
2,1,17500,5568
2,1,18000,5710
2,1,18500,5710
2,1,19000,5710
2,1,19500,5658
2,1,20000,5658
2,1,20500,5658
2,1,21000,5658
2,1,21500,5606
2,1,22000,5276
2,1,22500,5276
2,1,23000,5341
2,1,23500,5246
2,1,24000,5246
2,1,24500,5246
2,1,25000,5246
2,1,25500,5246
2,1,26000,5246
2,1,26500,5246
2,1,27000,5246
2,1,27500,5213
2,1,28000,5128
2,1,28500,5128
2,1,29000,5247
2,1,29500,5247
2,1,30000,5247
2,1,30500,5247
2,1,31000,5247
2,1,31500,5247
2,1,32000,5202
2,1,32500,5157
2,1,33000,5233
2,1,33500,5233
2,1,34000,5294
2,1,34500,5294
2,1,35000,5294
2,1,35500,5356
2,1,36000,5599
2,1,36500,5665
2,1,37000,5612
2,1,37500,5612
2,1,38000,5678
2,1,38500,5678
2,1,39000,5625
2,1,39500,5625
2,1,40000,5625
2,1,40500,5642
2,1,41000,5834
2,1,41500,5834
2,1,42000,5979
2,1,42500,5979
2,1,43000,5924
2,1,43500,5924
2,1,44000,5924
2,1,44500,6001
2,1,45000,6001
2,1,45500,6001
2,1,46000,6019
2,1,46500,6019
2,1,47000,6019
2,1,47500,6019
2,1,48000,5962
2,1,48500,5962
2,1,49000,5962
2,1,49500,5962
2,1,50000,5907
2,1,50500,5907
2,1,51000,5907
2,1,51500,5804
2,1,52000,6011
2,1,52500,5897
2,1,53000,5897
2,1,53500,5970
2,1,54000,5970
2,1,54500,5970
2,1,55000,5970
2,1,55500,5915
2,1,56000,5806
2,1,56500,5806
2,1,57000,5806
2,1,57500,5806
2,1,58000,6003
2,1,58500,6003
2,1,59000,6214
2,1,59500,6214
2,1,60000,6214
2,1,60500,6156
2,1,61000,5909
2,1,61500,5909
2,1,62000,5619
2,1,62500,5569
2,1,63000,5522
2,1,63500,5522
2,1,64000,5652
2,1,64500,5652
2,1,65000,5446
2,1,65500,5446
2,1,66000,5446
2,1,66500,5457
2,1,67000,5266
2,1,67500,5321
2,1,68000,5183
2,1,68500,5183
2,1,69000,5183
2,1,69500,5142
2,1,70000,5142
2,1,70500,5142
2,1,71000,5195
2,1,71500,5195
2,1,72000,5160
2,1,72500,5160
2,1,73000,5215
2,1,73500,5215
2,1,74000,5215
2,1,74500,5215
2,1,75000,5215
2,1,75500,5215
2,1,76000,5215
2,1,76500,5215
2,1,77000,5137
2,1,77500,5137
2,1,78000,5095
2,1,78500,5095
2,1,79000,5199
2,1,79500,5199
2,1,80000,5199
2,1,80500,5213
2,1,81000,5186
2,1,81500,5147
2,1,82000,5147
2,1,82500,5147
2,1,83000,5147
2,1,83500,5164
2,1,84000,5164
2,1,84500,5164
2,1,85000,5036
2,1,85500,5036
2,1,86000,4963
2,1,86500,4963
2,1,87000,4963
2,1,87500,4963
2,1,88000,4963
2,1,88500,5013
2,1,89000,5061
2,1,89500,5061
2,1,90000,5254
2,1,90500,5312
2,1,91000,5312
2,1,91500,5312
2,1,92000,5178
2,1,92500,5178
2,1,93000,5178
2,1,93500,5178
2,1,94000,5178
2,1,94500,5231
2,1,95000,5231
2,1,95500,5231
2,1,96000,5288
2,1,96500,5251
2,1,97000,5213
2,1,97500,5150
2,1,98000,5161
2,1,98500,5123
2,1,99000,5123
2,1,99500,5265
2,1,100000,5265
8,1,0,5881
8,1,500,5881
8,1,1000,5881
8,1,1500,5881
8,1,2000,5881
8,1,2500,5881
8,1,3000,5881
8,1,3500,5881
8,1,4000,5881
8,1,4500,5881
8,1,5000,5881
8,1,5500,5881
8,1,6000,5881
8,1,6500,5881
8,1,7000,5881
8,1,7500,5881
8,1,8000,5881
8,1,8500,5662
8,1,9000,5662
8,1,9500,5662
8,1,10000,5662
8,1,10500,5746
8,1,11000,5746
8,1,11500,5746
8,1,12000,5746
8,1,12500,5746
8,1,13000,5746
8,1,13500,5746
8,1,14000,5746
8,1,14500,5746
8,1,15000,5746
8,1,15500,5746
8,1,16000,5746
8,1,16500,5701
8,1,17000,5701
8,1,17500,5701
8,1,18000,5667
8,1,18500,5751
8,1,19000,5832
8,1,19500,5832
8,1,20000,5660
8,1,20500,5660
8,1,21000,5660
8,1,21500,5660
8,1,22000,5660
8,1,22500,5660
8,1,23000,5813
8,1,23500,5813
8,1,24000,5813
8,1,24500,6032
8,1,25000,6128
8,1,25500,6128
8,1,26000,6128
8,1,26500,6128
8,1,27000,6128
8,1,27500,6128
8,1,28000,6128
8,1,28500,6128
8,1,29000,6128
8,1,29500,6128
8,1,30000,6128
8,1,30500,6077
8,1,31000,6077
8,1,31500,6077
8,1,32000,6077
8,1,32500,6077
8,1,33000,6077
8,1,33500,6077
8,1,34000,6077
8,1,34500,5690
8,1,35000,5690
8,1,35500,5655
8,1,36000,5655
8,1,36500,5655
8,1,37000,5655
8,1,37500,5655
8,1,38000,5731
8,1,38500,5731
8,1,39000,5731
8,1,39500,5731
8,1,40000,5731
8,1,40500,5731
8,1,41000,5731
8,1,41500,5690
8,1,42000,5690
8,1,42500,5690
8,1,43000,5690
8,1,43500,5690
8,1,44000,5650
8,1,44500,5650
8,1,45000,5650
8,1,45500,5650
8,1,46000,5650
8,1,46500,5735
8,1,47000,5695
8,1,47500,5695
8,1,48000,5695
8,1,48500,5659
8,1,49000,5659
8,1,49500,5659
8,1,50000,5659
8,1,50500,5659
8,1,51000,5659
8,1,51500,5659
8,1,52000,5659
8,1,52500,5736
8,1,53000,5736
8,1,53500,5736
8,1,54000,5736
8,1,54500,5736
8,1,55000,5583
8,1,55500,5583
8,1,56000,5549
8,1,56500,5549
8,1,57000,5549
8,1,57500,5405
8,1,58000,5372
8,1,58500,5372
8,1,59000,5372
8,1,59500,5493
8,1,60000,5493
8,1,60500,5493
8,1,61000,5493
8,1,61500,5493
8,1,62000,5493
8,1,62500,5493
8,1,63000,5493
8,1,63500,5493
8,1,64000,5493
8,1,64500,5493
8,1,65000,5493
8,1,65500,5347
8,1,66000,5310
8,1,66500,5310
8,1,67000,5090
8,1,67500,5090
8,1,68000,5150
8,1,68500,5150
8,1,69000,5150
8,1,69500,5150
8,1,70000,5150
8,1,70500,5321
8,1,71000,5389
8,1,71500,5389
8,1,72000,5389
8,1,72500,5389
8,1,73000,5389
8,1,73500,5389
8,1,74000,5389
8,1,74500,5561
8,1,75000,5561
8,1,75500,5561
8,1,76000,5561
8,1,76500,5561
8,1,77000,5561
8,1,77500,5561
8,1,78000,5561
8,1,78500,5525
8,1,79000,5525
8,1,79500,5525
8,1,80000,5525
8,1,80500,5455
8,1,81000,5455
8,1,81500,5524
8,1,82000,5543
8,1,82500,5543
8,1,83000,5543
8,1,83500,5543
8,1,84000,5616
8,1,84500,5616
8,1,85000,5616
8,1,85500,5616
8,1,86000,5616
8,1,86500,5616
8,1,87000,5616
8,1,87500,5616
8,1,88000,5616
8,1,88500,5616
8,1,89000,5616
8,1,89500,5616
8,1,90000,5806
8,1,90500,5806
8,1,91000,5806
8,1,91500,5806
8,1,92000,5806
8,1,92500,5762
8,1,93000,5621
8,1,93500,5621
8,1,94000,5621
8,1,94500,5621
8,1,95000,5621
8,1,95500,5621
8,1,96000,5808
8,1,96500,5887
8,1,97000,5887
8,1,97500,5928
8,1,98000,6063
8,1,98500,6063
8,1,99000,6063
8,1,99500,6063
8,1,100000,6063
16,1,0,5881
16,1,500,5881
16,1,1000,5881
16,1,1500,5881
16,1,2000,5881
16,1,2500,5881
16,1,3000,5881
16,1,3500,5881
16,1,4000,5881
16,1,4500,5881
16,1,5000,5881
16,1,5500,5881
16,1,6000,5881
16,1,6500,5881
16,1,7000,5881
16,1,7500,5881
16,1,8000,5593
16,1,8500,5689
16,1,9000,5689
16,1,9500,5689
16,1,10000,5689
16,1,10500,5689
16,1,11000,5689
16,1,11500,5689
16,1,12000,5689
16,1,12500,5689
16,1,13000,5689
16,1,13500,5689
16,1,14000,5689
16,1,14500,5689
16,1,15000,5689
16,1,15500,5689
16,1,16000,5424
16,1,16500,5424
16,1,17000,5424
16,1,17500,5424
16,1,18000,5771
16,1,18500,5771
16,1,19000,5771
16,1,19500,5737
16,1,20000,5737
16,1,20500,5737
16,1,21000,5737
16,1,21500,5737
16,1,22000,5737
16,1,22500,5737
16,1,23000,5737
16,1,23500,5737
16,1,24000,5582
16,1,24500,5582
16,1,25000,5582
16,1,25500,5582
16,1,26000,5582
16,1,26500,5582
16,1,27000,5582
16,1,27500,5582
16,1,28000,5582
16,1,28500,5699
16,1,29000,5699
16,1,29500,5699
16,1,30000,5699
16,1,30500,5699
16,1,31000,5699
16,1,31500,5699
16,1,32000,5699
16,1,32500,5790
16,1,33000,5790
16,1,33500,5790
16,1,34000,5790
16,1,34500,5790
16,1,35000,5790
16,1,35500,5790
16,1,36000,5790
16,1,36500,5790
16,1,37000,5790
16,1,37500,5790
16,1,38000,5790
16,1,38500,5790
16,1,39000,5790
16,1,39500,5790
16,1,40000,5595
16,1,40500,5613
16,1,41000,5613
16,1,41500,5613
16,1,42000,5613
16,1,42500,5613
16,1,43000,5613
16,1,43500,5613
16,1,44000,5613
16,1,44500,5613
16,1,45000,5613
16,1,45500,5824
16,1,46000,5824
16,1,46500,5824
16,1,47000,5910
16,1,47500,5910
16,1,48000,5910
16,1,48500,5910
16,1,49000,5910
16,1,49500,5910
16,1,50000,5910
16,1,50500,5910
16,1,51000,5910
16,1,51500,5910
16,1,52000,5643
16,1,52500,5643
16,1,53000,5643
16,1,53500,5643
16,1,54000,5643
16,1,54500,5720
16,1,55000,5810
16,1,55500,5810
16,1,56000,5810
16,1,56500,5810
16,1,57000,5810
16,1,57500,5810
16,1,58000,5899
16,1,58500,5899
16,1,59000,5899
16,1,59500,5899
16,1,60000,5899
16,1,60500,5899
16,1,61000,5899
16,1,61500,5899
16,1,62000,5899
16,1,62500,5899
16,1,63000,5517
16,1,63500,5517
16,1,64000,5517
16,1,64500,5517
16,1,65000,5517
16,1,65500,5517
16,1,66000,5517
16,1,66500,5517
16,1,67000,5504
16,1,67500,5270
16,1,68000,5287
16,1,68500,5287
16,1,69000,5287
16,1,69500,5287
16,1,70000,5287
16,1,70500,5287
16,1,71000,5287
16,1,71500,5287
16,1,72000,5287
16,1,72500,5287
16,1,73000,5287
16,1,73500,5287
16,1,74000,5287
16,1,74500,5287
16,1,75000,5287
16,1,75500,5287
16,1,76000,5287
16,1,76500,5287
16,1,77000,5287
16,1,77500,5287
16,1,78000,5287
16,1,78500,5287
16,1,79000,5287
16,1,79500,5287
16,1,80000,5700
16,1,80500,5700
16,1,81000,5700
16,1,81500,6036
16,1,82000,6036
16,1,82500,6036
16,1,83000,6036
16,1,83500,6036
16,1,84000,6036
16,1,84500,6036
16,1,85000,6036
16,1,85500,6036
16,1,86000,6036
16,1,86500,6036
16,1,87000,6036
16,1,87500,6036
16,1,88000,6036
16,1,88500,6036
16,1,89000,6008
16,1,89500,6008
16,1,90000,6147
16,1,90500,6389
16,1,91000,6389
16,1,91500,6389
16,1,92000,6389
16,1,92500,6389
16,1,93000,6389
16,1,93500,6389
16,1,94000,6389
16,1,94500,6389
16,1,95000,6389
16,1,95500,6389
16,1,96000,6389
16,1,96500,6389
16,1,97000,6347
16,1,97500,6347
16,1,98000,6347
16,1,98500,5713
16,1,99000,5713
16,1,99500,5713
16,1,100000,5713
baseline,1,0,0
baseline,1,500,5887
baseline,1,1000,5893
baseline,1,1500,5899
baseline,1,2000,5905
baseline,1,2500,5911
baseline,1,3000,5916
baseline,1,3500,5922
baseline,1,4000,5928
baseline,1,4500,5934
baseline,1,5000,5940
baseline,1,5500,5946
baseline,1,6000,5952
baseline,1,6500,5958
baseline,1,7000,5964
baseline,1,7500,5969
baseline,1,8000,5975
baseline,1,8500,5981
baseline,1,9000,5987
baseline,1,9500,5993
baseline,1,10000,5999
baseline,1,10500,6005
baseline,1,11000,6011
baseline,1,11500,6016
baseline,1,12000,6022
baseline,1,12500,6028
baseline,1,13000,6034
baseline,1,13500,6040
baseline,1,14000,6046
baseline,1,14500,6052
baseline,1,15000,6058
baseline,1,15500,6064
baseline,1,16000,6069
baseline,1,16500,6075
baseline,1,17000,6081
baseline,1,17500,6087
baseline,1,18000,6093
baseline,1,18500,6099
baseline,1,19000,6105
baseline,1,19500,6111
baseline,1,20000,6116
baseline,1,20500,6122
baseline,1,21000,6128
baseline,1,21500,6134
baseline,1,22000,6140
baseline,1,22500,6146
baseline,1,23000,6152
baseline,1,23500,6158
baseline,1,24000,6164
baseline,1,24500,6169
baseline,1,25000,6175
baseline,1,25500,6181
baseline,1,26000,6187
baseline,1,26500,6193
baseline,1,27000,6199
baseline,1,27500,6205
baseline,1,28000,6211
baseline,1,28500,6216
baseline,1,29000,6222
baseline,1,29500,6228
baseline,1,30000,6234
baseline,1,30500,6240
baseline,1,31000,6246
baseline,1,31500,6252
baseline,1,32000,6258
baseline,1,32500,6264
baseline,1,33000,6269
baseline,1,33500,6275
baseline,1,34000,6281
baseline,1,34500,6287
baseline,1,35000,6293
baseline,1,35500,6299
baseline,1,36000,6305
baseline,1,36500,6311
baseline,1,37000,6316
baseline,1,37500,6322
baseline,1,38000,6328
baseline,1,38500,6334
baseline,1,39000,6340
baseline,1,39500,6346
baseline,1,40000,6352
baseline,1,40500,6358
baseline,1,41000,6364
baseline,1,41500,6369
baseline,1,42000,6375
baseline,1,42500,6381
baseline,1,43000,6387
baseline,1,43500,6393
baseline,1,44000,6399
baseline,1,44500,6405
baseline,1,45000,6411
baseline,1,45500,6416
baseline,1,46000,6422
baseline,1,46500,6428
baseline,1,47000,6434
baseline,1,47500,6440
baseline,1,48000,6446
baseline,1,48500,6452
baseline,1,49000,6458
baseline,1,49500,6464
baseline,1,50000,6469
baseline,1,50500,6475
baseline,1,51000,6481
baseline,1,51500,6487
baseline,1,52000,6493
baseline,1,52500,6499
baseline,1,53000,6505
baseline,1,53500,6511
baseline,1,54000,6516
baseline,1,54500,6522
baseline,1,55000,6528
baseline,1,55500,6534
baseline,1,56000,6540
baseline,1,56500,6546
baseline,1,57000,6552
baseline,1,57500,6558
baseline,1,58000,6564
baseline,1,58500,6569
baseline,1,59000,6575
baseline,1,59500,6581
baseline,1,60000,6587
baseline,1,60500,6593
baseline,1,61000,6599
baseline,1,61500,6605
baseline,1,62000,6611
baseline,1,62500,6616
baseline,1,63000,6622
baseline,1,63500,6628
baseline,1,64000,6634
baseline,1,64500,6640
baseline,1,65000,6646
baseline,1,65500,6652
baseline,1,66000,6658
baseline,1,66500,6664
baseline,1,67000,6669
baseline,1,67500,6675
baseline,1,68000,6681
baseline,1,68500,6687
baseline,1,69000,6693
baseline,1,69500,6699
baseline,1,70000,6705
baseline,1,70500,6711
baseline,1,71000,6716
baseline,1,71500,6722
baseline,1,72000,6728
baseline,1,72500,6734
baseline,1,73000,6740
baseline,1,73500,6746
baseline,1,74000,6752
baseline,1,74500,6758
baseline,1,75000,6764
baseline,1,75500,6769
baseline,1,76000,6775
baseline,1,76500,6781
baseline,1,77000,6787
baseline,1,77500,6793
baseline,1,78000,6799
baseline,1,78500,6805
baseline,1,79000,6811
baseline,1,79500,6816
baseline,1,80000,6822
baseline,1,80500,6828
baseline,1,81000,6834
baseline,1,81500,6840
baseline,1,82000,6846
baseline,1,82500,6852
baseline,1,83000,6858
baseline,1,83500,6864
baseline,1,84000,6869
baseline,1,84500,6875
baseline,1,85000,6881
baseline,1,85500,6887
baseline,1,86000,6893
baseline,1,86500,6899
baseline,1,87000,6905
baseline,1,87500,6911
baseline,1,88000,6916
baseline,1,88500,6922
baseline,1,89000,6928
baseline,1,89500,6934
baseline,1,90000,6940
baseline,1,90500,6946
baseline,1,91000,6952
baseline,1,91500,6958
baseline,1,92000,6964
baseline,1,92500,6969
baseline,1,93000,6975
baseline,1,93500,6981
baseline,1,94000,6987
baseline,1,94500,6993
baseline,1,95000,6999
baseline,1,95500,7005
baseline,1,96000,7011
baseline,1,96500,7016
baseline,1,97000,7022
baseline,1,97500,7028
baseline,1,98000,7034
baseline,1,98500,7040
baseline,1,99000,7046
baseline,1,99500,7052
baseline,1,100000,7058
0,2,0,7041
0,2,500,7041
0,2,1000,7041
0,2,1500,7041
0,2,2000,7041
0,2,2500,7041
0,2,3000,7041
0,2,3500,7041
0,2,4000,7041
0,2,4500,7041
0,2,5000,7041
0,2,5500,7041
0,2,6000,7041
0,2,6500,7041
0,2,7000,7041
0,2,7500,7041
0,2,8000,7041
0,2,8500,7041
0,2,9000,7041
0,2,9500,7048
0,2,10000,7048
0,2,10500,6862
0,2,11000,6862
0,2,11500,6862
0,2,12000,6519
0,2,12500,6360
0,2,13000,6360
0,2,13500,6360
0,2,14000,6078
0,2,14500,5941
0,2,15000,5811
0,2,15500,5572
0,2,16000,5572
0,2,16500,5463
0,2,17000,5463
0,2,17500,5463
0,2,18000,5463
0,2,18500,5469
0,2,19000,5416
0,2,19500,5416
0,2,20000,5314
0,2,20500,5211
0,2,21000,5117
0,2,21500,5021
0,2,22000,5021
0,2,22500,4930
0,2,23000,4935
0,2,23500,4935
0,2,24000,4940
0,2,24500,4940
0,2,25000,4944
0,2,25500,4944
0,2,26000,4861
0,2,26500,4693
0,2,27000,4698
0,2,27500,4542
0,2,28000,4473
0,2,28500,4332
0,2,29000,4332
0,2,29500,4332
0,2,30000,4332
0,2,30500,4269
0,2,31000,4269
0,2,31500,4269
0,2,32000,4142
0,2,32500,4150
0,2,33000,4150
0,2,33500,4089
0,2,34000,4062
0,2,34500,4062
0,2,35000,4003
0,2,35500,4003
0,2,36000,4003
0,2,36500,3951
0,2,37000,3896
0,2,37500,3896
0,2,38000,3843
0,2,38500,3795
0,2,39000,3745
0,2,39500,3752
0,2,40000,3752
0,2,40500,3752
0,2,41000,3752
0,2,41500,3756
0,2,42000,3659
0,2,42500,3659
0,2,43000,3663
0,2,43500,3663
0,2,44000,3666
0,2,44500,3666
0,2,45000,3666
0,2,45500,3666
0,2,46000,3623
0,2,46500,3582
0,2,47000,3588
0,2,47500,3505
0,2,48000,3508
0,2,48500,3508
0,2,49000,3508
0,2,49500,3511
0,2,50000,3469
0,2,50500,3469
0,2,51000,3473
0,2,51500,3398
0,2,52000,3398
0,2,52500,3401
0,2,53000,3401
0,2,53500,3401
0,2,54000,3401
0,2,54500,3362
0,2,55000,3327
0,2,55500,3327
0,2,56000,3257
0,2,56500,3184
0,2,57000,3184
0,2,57500,3184
0,2,58000,3187
0,2,58500,3187
0,2,59000,3187
0,2,59500,3153
0,2,60000,3153
0,2,60500,3120
0,2,61000,3120
0,2,61500,3123
0,2,62000,3125
0,2,62500,3099
0,2,63000,3067
0,2,63500,3039
0,2,64000,3008
0,2,64500,3008
0,2,65000,3008
0,2,65500,3008
0,2,66000,3014
0,2,66500,3014
0,2,67000,3014
0,2,67500,3014
0,2,68000,3020
0,2,68500,3022
0,2,69000,3022
0,2,69500,3025
0,2,70000,3025
0,2,70500,3025
0,2,71000,3028
0,2,71500,3034
0,2,72000,2977
0,2,72500,2982
0,2,73000,2988
0,2,73500,2959
0,2,74000,2959
0,2,74500,2962
0,2,75000,2933
0,2,75500,2933
0,2,76000,2941
0,2,76500,2944
0,2,77000,2916
0,2,77500,2889
0,2,78000,2889
0,2,78500,2836
0,2,79000,2836
0,2,79500,2810
0,2,80000,2813
0,2,80500,2790
0,2,81000,2793
0,2,81500,2768
0,2,82000,2768
0,2,82500,2768
0,2,83000,2768
0,2,83500,2768
0,2,84000,2746
0,2,84500,2746
0,2,85000,2749
0,2,85500,2751
0,2,86000,2751
0,2,86500,2727
0,2,87000,2727
0,2,87500,2706
0,2,88000,2709
0,2,88500,2711
0,2,89000,2713
0,2,89500,2713
0,2,90000,2713
0,2,90500,2693
0,2,91000,2693
0,2,91500,2693
0,2,92000,2698
0,2,92500,2700
0,2,93000,2702
0,2,93500,2680
0,2,94000,2680
0,2,94500,2635
0,2,95000,2640
0,2,95500,2645
0,2,96000,2623
0,2,96500,2628
0,2,97000,2628
0,2,97500,2606
0,2,98000,2588
0,2,98500,2592
0,2,99000,2592
0,2,99500,2592
0,2,100000,2592
2,2,0,7041
2,2,500,7041
2,2,1000,7041
2,2,1500,7041
2,2,2000,7041
2,2,2500,7041
2,2,3000,7041
2,2,3500,7041
2,2,4000,7041
2,2,4500,7041
2,2,5000,7041
2,2,5500,7041
2,2,6000,7041
2,2,6500,7041
2,2,7000,7041
2,2,7500,7041
2,2,8000,7041
2,2,8500,7041
2,2,9000,7041
2,2,9500,6952
2,2,10000,6952
2,2,10500,6865
2,2,11000,6865
2,2,11500,6888
2,2,12000,6888
2,2,12500,6805
2,2,13000,6910
2,2,13500,6827
2,2,14000,7035
2,2,14500,7035
2,2,15000,6694
2,2,15500,6694
2,2,16000,6715
2,2,16500,6715
2,2,17000,6715
2,2,17500,6715
2,2,18000,6715
2,2,18500,6715
2,2,19000,6715
2,2,19500,6715
2,2,20000,6925
2,2,20500,6925
2,2,21000,6666
2,2,21500,6666
2,2,22000,6587
2,2,22500,6681
2,2,23000,6776
2,2,23500,6702
2,2,24000,6702
2,2,24500,6721
2,2,25000,6721
2,2,25500,6721
2,2,26000,6721
2,2,26500,6480
2,2,27000,6258
2,2,27500,6258
2,2,28000,6258
2,2,28500,6345
2,2,29000,6345
2,2,29500,6431
2,2,30000,6366
2,2,30500,6229
2,2,31000,6025
2,2,31500,6105
2,2,32000,6105
2,2,32500,5907
2,2,33000,5907
2,2,33500,5980
2,2,34000,5980
2,2,34500,6058
2,2,35000,6058
2,2,35500,6058
2,2,36000,6058
2,2,36500,6058
2,2,37000,6058
2,2,37500,6058
2,2,38000,6280
2,2,38500,6280
2,2,39000,6280
2,2,39500,6280
2,2,40000,6153
2,2,40500,6091
2,2,41000,5906
2,2,41500,5906
2,2,42000,5906
2,2,42500,5852
2,2,43000,5852
2,2,43500,6057
2,2,44000,6057
2,2,44500,6057
2,2,45000,6057
2,2,45500,6212
2,2,46000,6147
2,2,46500,6331
2,2,47000,6413
2,2,47500,6413
2,2,48000,6344
2,2,48500,6344
2,2,49000,6344
2,2,49500,6428
2,2,50000,6364
2,2,50500,6381
2,2,51000,6381
2,2,51500,6464
2,2,52000,6464
2,2,52500,6484
2,2,53000,6484
2,2,53500,6272
2,2,54000,6272
2,2,54500,6272
2,2,55000,6272
2,2,55500,6272
2,2,56000,6272
2,2,56500,6272
2,2,57000,6272
2,2,57500,6272
2,2,58000,6272
2,2,58500,6426
2,2,59000,6513
2,2,59500,6513
2,2,60000,6446
2,2,60500,6619
2,2,61000,6552
2,2,61500,6552
2,2,62000,6637
2,2,62500,6637
2,2,63000,6637
2,2,63500,6637
2,2,64000,6571
2,2,64500,6571
2,2,65000,6661
2,2,65500,6603
2,2,66000,6534
2,2,66500,6555
2,2,67000,6555
2,2,67500,6346
2,2,68000,6346
2,2,68500,6425
2,2,69000,6438
2,2,69500,6238
2,2,70000,6180
2,2,70500,6180
2,2,71000,6119
2,2,71500,6128
2,2,72000,6071
2,2,72500,6015
2,2,73000,6015
2,2,73500,6015
2,2,74000,5960
2,2,74500,5960
2,2,75000,5905
2,2,75500,5973
2,2,76000,6174
2,2,76500,6174
2,2,77000,6115
2,2,77500,6115
2,2,78000,6115
2,2,78500,6115
2,2,79000,6115
2,2,79500,5948
2,2,80000,5948
2,2,80500,6019
2,2,81000,6019
2,2,81500,5843
2,2,82000,5843
2,2,82500,5843
2,2,83000,5855
2,2,83500,5855
2,2,84000,5855
2,2,84500,5869
2,2,85000,5819
2,2,85500,5819
2,2,86000,5819
2,2,86500,5772
2,2,87000,5772
2,2,87500,5772
2,2,88000,5772
2,2,88500,5772
2,2,89000,5772
2,2,89500,5841
2,2,90000,5632
2,2,90500,5695
2,2,91000,5646
2,2,91500,5646
2,2,92000,5658
2,2,92500,5611
2,2,93000,5611
2,2,93500,5611
2,2,94000,5611
2,2,94500,5611
2,2,95000,5672
2,2,95500,5672
2,2,96000,5672
2,2,96500,5577
2,2,97000,5747
2,2,97500,5702
2,2,98000,5702
2,2,98500,5702
2,2,99000,5702
2,2,99500,5655
2,2,100000,5726
8,2,0,7041
8,2,500,7041
8,2,1000,7041
8,2,1500,7041
8,2,2000,7041
8,2,2500,7041
8,2,3000,7041
8,2,3500,7041
8,2,4000,7041
8,2,4500,7041
8,2,5000,7041
8,2,5500,7041
8,2,6000,7041
8,2,6500,7041
8,2,7000,7041
8,2,7500,7041
8,2,8000,7041
8,2,8500,7041
8,2,9000,7041
8,2,9500,7041
8,2,10000,6971
8,2,10500,6971
8,2,11000,6912
8,2,11500,6912
8,2,12000,6912
8,2,12500,6912
8,2,13000,7080
8,2,13500,7080
8,2,14000,7092
8,2,14500,7092
8,2,15000,7015
8,2,15500,7015
8,2,16000,7015
8,2,16500,7015
8,2,17000,7015
8,2,17500,7015
8,2,18000,7015
8,2,18500,6941
8,2,19000,6941
8,2,19500,6941
8,2,20000,6941
8,2,20500,6941
8,2,21000,7052
8,2,21500,7052
8,2,22000,7052
8,2,22500,6808
8,2,23000,6808
8,2,23500,6808
8,2,24000,6808
8,2,24500,6808
8,2,25000,6808
8,2,25500,6808
8,2,26000,6441
8,2,26500,6441
8,2,27000,6441
8,2,27500,6441
8,2,28000,6441
8,2,28500,6441
8,2,29000,6441
8,2,29500,6441
8,2,30000,6441
8,2,30500,6441
8,2,31000,6558
8,2,31500,6558
8,2,32000,6339
8,2,32500,6339
8,2,33000,6339
8,2,33500,6008
8,2,34000,6008
8,2,34500,6008
8,2,35000,6160
8,2,35500,6160
8,2,36000,6160
8,2,36500,6160
8,2,37000,6115
8,2,37500,6193
8,2,38000,6209
8,2,38500,6209
8,2,39000,6209
8,2,39500,6209
8,2,40000,6209
8,2,40500,6456
8,2,41000,6456
8,2,41500,6456
8,2,42000,6456
8,2,42500,6456
8,2,43000,6456
8,2,43500,6456
8,2,44000,6456
8,2,44500,6456
8,2,45000,6456
8,2,45500,6722
8,2,46000,6722
8,2,46500,6722
8,2,47000,6663
8,2,47500,6663
8,2,48000,6663
8,2,48500,6614
8,2,49000,6614
8,2,49500,6721
8,2,50000,6721
8,2,50500,6721
8,2,51000,6494
8,2,51500,6494
8,2,52000,6494
8,2,52500,6494
8,2,53000,6930
8,2,53500,7054
8,2,54000,7054
8,2,54500,7054
8,2,55000,7054
8,2,55500,7054
8,2,56000,7054
8,2,56500,7054
8,2,57000,7054
8,2,57500,7054
8,2,58000,7054
8,2,58500,7362
8,2,59000,7484
8,2,59500,7484
8,2,60000,7484
8,2,60500,7484
8,2,61000,7484
8,2,61500,7484
8,2,62000,7484
8,2,62500,7418
8,2,63000,7418
8,2,63500,7418
8,2,64000,6987
8,2,64500,6987
8,2,65000,6987
8,2,65500,6987
8,2,66000,6987
8,2,66500,6987
8,2,67000,6987
8,2,67500,6716
8,2,68000,6506
8,2,68500,6506
8,2,69000,6506
8,2,69500,6506
8,2,70000,6506
8,2,70500,6506
8,2,71000,6506
8,2,71500,6506
8,2,72000,6506
8,2,72500,6506
8,2,73000,6506
8,2,73500,6506
8,2,74000,6506
8,2,74500,6506
8,2,75000,6506
8,2,75500,6506
8,2,76000,6506
8,2,76500,6267
8,2,77000,6267
8,2,77500,6088
8,2,78000,6088
8,2,78500,6088
8,2,79000,6088
8,2,79500,6088
8,2,80000,6088
8,2,80500,6088
8,2,81000,6107
8,2,81500,6107
8,2,82000,6155
8,2,82500,6155
8,2,83000,6155
8,2,83500,6155
8,2,84000,6155
8,2,84500,6155
8,2,85000,6155
8,2,85500,6155
8,2,86000,6155
8,2,86500,6238
8,2,87000,6238
8,2,87500,6612
8,2,88000,6612
8,2,88500,6555
8,2,89000,6555
8,2,89500,6555
8,2,90000,6555
8,2,90500,6555
8,2,91000,6555
8,2,91500,6555
8,2,92000,6555
8,2,92500,6555
8,2,93000,6555
8,2,93500,6555
8,2,94000,6500
8,2,94500,6500
8,2,95000,6500
8,2,95500,6500
8,2,96000,6574
8,2,96500,6510
8,2,97000,6510
8,2,97500,6510
8,2,98000,6510
8,2,98500,6538
8,2,99000,6538
8,2,99500,6538
8,2,100000,6538
16,2,0,7041
16,2,500,7041
16,2,1000,7041
16,2,1500,7041
16,2,2000,7041
16,2,2500,7041
16,2,3000,7041
16,2,3500,7041
16,2,4000,7041
16,2,4500,7041
16,2,5000,7041
16,2,5500,7041
16,2,6000,7041
16,2,6500,7041
16,2,7000,7041
16,2,7500,7041
16,2,8000,7041
16,2,8500,7041
16,2,9000,7041
16,2,9500,7041
16,2,10000,7041
16,2,10500,7001
16,2,11000,7001
16,2,11500,6585
16,2,12000,6585
16,2,12500,6540
16,2,13000,6733
16,2,13500,6733
16,2,14000,6733
16,2,14500,6733
16,2,15000,6733
16,2,15500,6733
16,2,16000,6733
16,2,16500,6733
16,2,17000,6733
16,2,17500,6733
16,2,18000,6733
16,2,18500,6733
16,2,19000,6733
16,2,19500,6733
16,2,20000,6733
16,2,20500,6363
16,2,21000,6363
16,2,21500,6363
16,2,22000,6363
16,2,22500,6363
16,2,23000,6363
16,2,23500,6363
16,2,24000,6363
16,2,24500,5789
16,2,25000,5789
16,2,25500,5789
16,2,26000,5887
16,2,26500,5887
16,2,27000,5887
16,2,27500,5887
16,2,28000,5887
16,2,28500,5887
16,2,29000,5887
16,2,29500,5887
16,2,30000,5887
16,2,30500,5887
16,2,31000,5887
16,2,31500,5887
16,2,32000,5887
16,2,32500,6132
16,2,33000,6303
16,2,33500,6303
16,2,34000,6303
16,2,34500,6303
16,2,35000,6303
16,2,35500,6303
16,2,36000,6303
16,2,36500,6303
16,2,37000,6303
16,2,37500,6303
16,2,38000,6303
16,2,38500,6303
16,2,39000,6303
16,2,39500,6577
16,2,40000,6577
16,2,40500,6577
16,2,41000,6577
16,2,41500,6577
16,2,42000,6577
16,2,42500,6253
16,2,43000,6300
16,2,43500,6300
16,2,44000,6300
16,2,44500,6300
16,2,45000,6300
16,2,45500,6300
16,2,46000,6385
16,2,46500,6385
16,2,47000,6385
16,2,47500,6385
16,2,48000,6385
16,2,48500,6385
16,2,49000,6385
16,2,49500,6385
16,2,50000,6385
16,2,50500,6385
16,2,51000,6385
16,2,51500,6385
16,2,52000,6670
16,2,52500,6670
16,2,53000,6670
16,2,53500,6670
16,2,54000,6670
16,2,54500,6484
16,2,55000,6484
16,2,55500,6484
16,2,56000,6484
16,2,56500,6484
16,2,57000,6484
16,2,57500,6484
16,2,58000,6484
16,2,58500,6484
16,2,59000,6484
16,2,59500,6484
16,2,60000,6484
16,2,60500,6291
16,2,61000,6291
16,2,61500,6291
16,2,62000,6409
16,2,62500,6512
16,2,63000,6512
16,2,63500,6512
16,2,64000,6512
16,2,64500,6114
16,2,65000,6114
16,2,65500,6114
16,2,66000,6114
16,2,66500,6114
16,2,67000,6114
16,2,67500,6114
16,2,68000,6114
16,2,68500,6114
16,2,69000,6114
16,2,69500,6114
16,2,70000,6114
16,2,70500,6114
16,2,71000,6114
16,2,71500,6276
16,2,72000,6276
16,2,72500,6276
16,2,73000,6276
16,2,73500,6276
16,2,74000,6276
16,2,74500,6347
16,2,75000,6347
16,2,75500,6347
16,2,76000,6347
16,2,76500,6347
16,2,77000,6347
16,2,77500,6347
16,2,78000,6347
16,2,78500,6323
16,2,79000,6323
16,2,79500,6323
16,2,80000,6323
16,2,80500,6323
16,2,81000,6323
16,2,81500,6323
16,2,82000,6323
16,2,82500,6323
16,2,83000,6323
16,2,83500,6323
16,2,84000,6323
16,2,84500,6323
16,2,85000,6285
16,2,85500,6285
16,2,86000,6285
16,2,86500,6285
16,2,87000,6285
16,2,87500,6285
16,2,88000,5776
16,2,88500,5776
16,2,89000,5776
16,2,89500,5776
16,2,90000,5776
16,2,90500,5776
16,2,91000,5776
16,2,91500,5776
16,2,92000,5776
16,2,92500,5776
16,2,93000,5776
16,2,93500,5776
16,2,94000,5877
16,2,94500,5877
16,2,95000,5877
16,2,95500,5877
16,2,96000,5877
16,2,96500,5877
16,2,97000,5877
16,2,97500,5877
16,2,98000,5854
16,2,98500,5854
16,2,99000,6058
16,2,99500,6058
16,2,100000,6058
baseline,2,0,0
baseline,2,500,7048
baseline,2,1000,7055
baseline,2,1500,7062
baseline,2,2000,7069
baseline,2,2500,7076
baseline,2,3000,7083
baseline,2,3500,7090
baseline,2,4000,7097
baseline,2,4500,7104
baseline,2,5000,7111
baseline,2,5500,7118
baseline,2,6000,7125
baseline,2,6500,7132
baseline,2,7000,7139
baseline,2,7500,7147
baseline,2,8000,7154
baseline,2,8500,7161
baseline,2,9000,7168
baseline,2,9500,7175
baseline,2,10000,7182
baseline,2,10500,7189
baseline,2,11000,7196
baseline,2,11500,7203
baseline,2,12000,7210
baseline,2,12500,7217
baseline,2,13000,7224
baseline,2,13500,7231
baseline,2,14000,7238
baseline,2,14500,7245
baseline,2,15000,7252
baseline,2,15500,7259
baseline,2,16000,7266
baseline,2,16500,7273
baseline,2,17000,7280
baseline,2,17500,7287
baseline,2,18000,7294
baseline,2,18500,7301
baseline,2,19000,7308
baseline,2,19500,7316
baseline,2,20000,7323
baseline,2,20500,7330
baseline,2,21000,7337
baseline,2,21500,7344
baseline,2,22000,7351
baseline,2,22500,7358
baseline,2,23000,7365
baseline,2,23500,7372
baseline,2,24000,7379
baseline,2,24500,7386
baseline,2,25000,7393
baseline,2,25500,7400
baseline,2,26000,7407
baseline,2,26500,7414
baseline,2,27000,7421
baseline,2,27500,7428
baseline,2,28000,7435
baseline,2,28500,7442
baseline,2,29000,7449
baseline,2,29500,7456
baseline,2,30000,7463
baseline,2,30500,7470
baseline,2,31000,7478
baseline,2,31500,7485
baseline,2,32000,7492
baseline,2,32500,7499
baseline,2,33000,7506
baseline,2,33500,7513
baseline,2,34000,7520
baseline,2,34500,7527
baseline,2,35000,7534
baseline,2,35500,7541
baseline,2,36000,7548
baseline,2,36500,7555
baseline,2,37000,7562
baseline,2,37500,7569
baseline,2,38000,7576
baseline,2,38500,7583
baseline,2,39000,7590
baseline,2,39500,7597
baseline,2,40000,7604
baseline,2,40500,7611
baseline,2,41000,7618
baseline,2,41500,7625
baseline,2,42000,7632
baseline,2,42500,7639
baseline,2,43000,7647
baseline,2,43500,7654
baseline,2,44000,7661
baseline,2,44500,7668
baseline,2,45000,7675
baseline,2,45500,7682
baseline,2,46000,7689
baseline,2,46500,7696
baseline,2,47000,7703
baseline,2,47500,7710
baseline,2,48000,7717
baseline,2,48500,7724
baseline,2,49000,7731
baseline,2,49500,7738
baseline,2,50000,7745
baseline,2,50500,7752
baseline,2,51000,7759
baseline,2,51500,7766
baseline,2,52000,7773
baseline,2,52500,7780
baseline,2,53000,7787
baseline,2,53500,7794
baseline,2,54000,7801
baseline,2,54500,7808
baseline,2,55000,7816
baseline,2,55500,7823
baseline,2,56000,7830
baseline,2,56500,7837
baseline,2,57000,7844
baseline,2,57500,7851
baseline,2,58000,7858
baseline,2,58500,7865
baseline,2,59000,7872
baseline,2,59500,7879
baseline,2,60000,7886
baseline,2,60500,7893
baseline,2,61000,7900
baseline,2,61500,7907
baseline,2,62000,7914
baseline,2,62500,7921
baseline,2,63000,7928
baseline,2,63500,7935
baseline,2,64000,7942
baseline,2,64500,7949
baseline,2,65000,7956
baseline,2,65500,7963
baseline,2,66000,7970
baseline,2,66500,7978
baseline,2,67000,7985
baseline,2,67500,7992
baseline,2,68000,7999
baseline,2,68500,8006
baseline,2,69000,8013
baseline,2,69500,8020
baseline,2,70000,8027
baseline,2,70500,8034
baseline,2,71000,8041
baseline,2,71500,8048
baseline,2,72000,8055
baseline,2,72500,8062
baseline,2,73000,8069
baseline,2,73500,8076
baseline,2,74000,8083
baseline,2,74500,8090
baseline,2,75000,8097
baseline,2,75500,8104
baseline,2,76000,8111
baseline,2,76500,8118
baseline,2,77000,8125
baseline,2,77500,8132
baseline,2,78000,8139
baseline,2,78500,8147
baseline,2,79000,8154
baseline,2,79500,8161
baseline,2,80000,8054
baseline,2,80500,8061
baseline,2,81000,8068
baseline,2,81500,8075
baseline,2,82000,8082
baseline,2,82500,8089
baseline,2,83000,8096
baseline,2,83500,8103
baseline,2,84000,8110
baseline,2,84500,8117
baseline,2,85000,8124
baseline,2,85500,8131
baseline,2,86000,8138
baseline,2,86500,8144
baseline,2,87000,8151
baseline,2,87500,8158
baseline,2,88000,8165
baseline,2,88500,8172
baseline,2,89000,8179
baseline,2,89500,8186
baseline,2,90000,8193
baseline,2,90500,8200
baseline,2,91000,8207
baseline,2,91500,8214
baseline,2,92000,8221
baseline,2,92500,8228
baseline,2,93000,8235
baseline,2,93500,8242
baseline,2,94000,8249
baseline,2,94500,8256
baseline,2,95000,8263
baseline,2,95500,8269
baseline,2,96000,8276
baseline,2,96500,8283
baseline,2,97000,8290
baseline,2,97500,8297
baseline,2,98000,8304
baseline,2,98500,8311
baseline,2,99000,8318
baseline,2,99500,8325
baseline,2,100000,8332
0,3,0,6492
0,3,500,6492
0,3,1000,6492
0,3,1500,6492
0,3,2000,6492
0,3,2500,6492
0,3,3000,6492
0,3,3500,6492
0,3,4000,6492
0,3,4500,6492
0,3,5000,6492
0,3,5500,6492
0,3,6000,6492
0,3,6500,6334
0,3,7000,6334
0,3,7500,6334
0,3,8000,6334
0,3,8500,6334
0,3,9000,6334
0,3,9500,6334
0,3,10000,6334
0,3,10500,6334
0,3,11000,6334
0,3,11500,6191
0,3,12000,6197
0,3,12500,6197
0,3,13000,6203
0,3,13500,6216
0,3,14000,6216
0,3,14500,6216
0,3,15000,6216
0,3,15500,6078
0,3,16000,6085
0,3,16500,6085
0,3,17000,6085
0,3,17500,6018
0,3,18000,5762
0,3,18500,5774
0,3,19000,5774
0,3,19500,5774
0,3,20000,5780
0,3,20500,5785
0,3,21000,5785
0,3,21500,5551
0,3,22000,5443
0,3,22500,5335
0,3,23000,5137
0,3,23500,5137
0,3,24000,5142
0,3,24500,5142
0,3,25000,5147
0,3,25500,5052
0,3,26000,5052
0,3,26500,4969
0,3,27000,4969
0,3,27500,4880
0,3,28000,4880
0,3,28500,4880
0,3,29000,4880
0,3,29500,4880
0,3,30000,4795
0,3,30500,4799
0,3,31000,4799
0,3,31500,4637
0,3,32000,4490
0,3,32500,4490
0,3,33000,4419
0,3,33500,4419
0,3,34000,4419
0,3,34500,4282
0,3,35000,4221
0,3,35500,4158
0,3,36000,4162
0,3,36500,4175
0,3,37000,4179
0,3,37500,4117
0,3,38000,4066
0,3,38500,4066
0,3,39000,4008
0,3,39500,4016
0,3,40000,4020
0,3,40500,3909
0,3,41000,3909
0,3,41500,3909
0,3,42000,3856
0,3,42500,3856
0,3,43000,3860
0,3,43500,3758
0,3,44000,3758
0,3,44500,3758
0,3,45000,3710
0,3,45500,3662
0,3,46000,3599
0,3,46500,3602
0,3,47000,3602
0,3,47500,3606
0,3,48000,3473
0,3,48500,3432
0,3,49000,3432
0,3,49500,3432
0,3,50000,3432
0,3,50500,3432
0,3,51000,3438
0,3,51500,3442
0,3,52000,3442
0,3,52500,3448
0,3,53000,3448
0,3,53500,3448
0,3,54000,3411
0,3,54500,3299
0,3,55000,3299
0,3,55500,3299
0,3,56000,3299
0,3,56500,3299
0,3,57000,3263
0,3,57500,3263
0,3,58000,3266
0,3,58500,3266
0,3,59000,3269
0,3,59500,3272
0,3,60000,3272
0,3,60500,3272
0,3,61000,3272
0,3,61500,3272
0,3,62000,3272
0,3,62500,3236
0,3,63000,3202
0,3,63500,3202
0,3,64000,3134
0,3,64500,3105
0,3,65000,3073
0,3,65500,2998
0,3,66000,2968
0,3,66500,2971
0,3,67000,2914
0,3,67500,2916
0,3,68000,2916
0,3,68500,2891
0,3,69000,2894
0,3,69500,2894
0,3,70000,2899
0,3,70500,2899
0,3,71000,2875
0,3,71500,2851
0,3,72000,2853
0,3,72500,2827
0,3,73000,2830
0,3,73500,2830
0,3,74000,2830
0,3,74500,2830
0,3,75000,2781
0,3,75500,2781
0,3,76000,2756
0,3,76500,2756
0,3,77000,2756
0,3,77500,2735
0,3,78000,2692
0,3,78500,2692
0,3,79000,2674
0,3,79500,2677
0,3,80000,2679
0,3,80500,2679
0,3,81000,2679
0,3,81500,2679
0,3,82000,2681
0,3,82500,2681
0,3,83000,2681
0,3,83500,2659
0,3,84000,2659
0,3,84500,2659
0,3,85000,2663
0,3,85500,2663
0,3,86000,2663
0,3,86500,2663
0,3,87000,2663
0,3,87500,2666
0,3,88000,2666
0,3,88500,2644
0,3,89000,2646
0,3,89500,2624
0,3,90000,2584
0,3,90500,2584
0,3,91000,2563
0,3,91500,2567
0,3,92000,2547
0,3,92500,2549
0,3,93000,2549
0,3,93500,2549
0,3,94000,2549
0,3,94500,2549
0,3,95000,2490
0,3,95500,2492
0,3,96000,2473
0,3,96500,2473
0,3,97000,2475
0,3,97500,2475
0,3,98000,2477
0,3,98500,2461
0,3,99000,2442
0,3,99500,2442
0,3,100000,2442
2,3,0,6492
2,3,500,6492
2,3,1000,6492
2,3,1500,6492
2,3,2000,6492
2,3,2500,6492
2,3,3000,6492
2,3,3500,6492
2,3,4000,6492
2,3,4500,6492
2,3,5000,6492
2,3,5500,6492
2,3,6000,6492
2,3,6500,6418
2,3,7000,6418
2,3,7500,6418
2,3,8000,6418
2,3,8500,6418
2,3,9000,6418
2,3,9500,6418
2,3,10000,6418
2,3,10500,6418
2,3,11000,6347
2,3,11500,6347
2,3,12000,6277
2,3,12500,6216
2,3,13000,6149
2,3,13500,6234
2,3,14000,6021
2,3,14500,6021
2,3,15000,6021
2,3,15500,6021
2,3,16000,6021
2,3,16500,5962
2,3,17000,5962
2,3,17500,5768
2,3,18000,5768
2,3,18500,5714
2,3,19000,5714
2,3,19500,5996
2,3,20000,5802
2,3,20500,5875
2,3,21000,5875
2,3,21500,6026
2,3,22000,6104
2,3,22500,6038
2,3,23000,6117
2,3,23500,6197
2,3,24000,6197
2,3,24500,6134
2,3,25000,6134
2,3,25500,6134
2,3,26000,6151
2,3,26500,6236
2,3,27000,6109
2,3,27500,6109
2,3,28000,6189
2,3,28500,6189
2,3,29000,6189
2,3,29500,6189
2,3,30000,6189
2,3,30500,5987
2,3,31000,5987
2,3,31500,5872
2,3,32000,5872
2,3,32500,5945
2,3,33000,5945
2,3,33500,5887
2,3,34000,5887
2,3,34500,6118
2,3,35000,6118
2,3,35500,6118
2,3,36000,6196
2,3,36500,6002
2,3,37000,6002
2,3,37500,6002
2,3,38000,6002
2,3,38500,6220
2,3,39000,6156
2,3,39500,6234
2,3,40000,6243
2,3,40500,5781
2,3,41000,5795
2,3,41500,5803
2,3,42000,5803
2,3,42500,5749
2,3,43000,5749
2,3,43500,5749
2,3,44000,5642
2,3,44500,5642
2,3,45000,5476
2,3,45500,5476
2,3,46000,5476
2,3,46500,5476
2,3,47000,5540
2,3,47500,5608
2,3,48000,5614
2,3,48500,5681
2,3,49000,5747
2,3,49500,5747
2,3,50000,5747
2,3,50500,5817
2,3,51000,5817
2,3,51500,5887
2,3,52000,5887
2,3,52500,5887
2,3,53000,5713
2,3,53500,5659
2,3,54000,5609
2,3,54500,5609
2,3,55000,5409
2,3,55500,5409
2,3,56000,5409
2,3,56500,5220
2,3,57000,5220
2,3,57500,5220
2,3,58000,5220
2,3,58500,5220
2,3,59000,5178
2,3,59500,5178
2,3,60000,5178
2,3,60500,5178
2,3,61000,5178
2,3,61500,5178
2,3,62000,5232
2,3,62500,5245
2,3,63000,5245
2,3,63500,5245
2,3,64000,5207
2,3,64500,5125
2,3,65000,5180
2,3,65500,5236
2,3,66000,5236
2,3,66500,5195
2,3,67000,5020
2,3,67500,5070
2,3,68000,5122
2,3,68500,5122
2,3,69000,5276
2,3,69500,5276
2,3,70000,5234
2,3,70500,5234
2,3,71000,5234
2,3,71500,5234
2,3,72000,5192
2,3,72500,5192
2,3,73000,5192
2,3,73500,5151
2,3,74000,5151
2,3,74500,5203
2,3,75000,5203
2,3,75500,5258
2,3,76000,5373
2,3,76500,5431
2,3,77000,5445
2,3,77500,5445
2,3,78000,5505
2,3,78500,5459
2,3,79000,5459
2,3,79500,5375
2,3,80000,5375
2,3,80500,5375
2,3,81000,5433
2,3,81500,5348
2,3,82000,5305
2,3,82500,5305
2,3,83000,5360
2,3,83500,5360
2,3,84000,5360
2,3,84500,5360
2,3,85000,5476
2,3,85500,5644
2,3,86000,5644
2,3,86500,5596
2,3,87000,5601
2,3,87500,5601
2,3,88000,5617
2,3,88500,5617
2,3,89000,5617
2,3,89500,5523
2,3,90000,5479
2,3,90500,5338
2,3,91000,5298
2,3,91500,5298
2,3,92000,5298
2,3,92500,5298
2,3,93000,5258
2,3,93500,5218
2,3,94000,5218
2,3,94500,5218
2,3,95000,5218
2,3,95500,5218
2,3,96000,5218
2,3,96500,5274
2,3,97000,5326
2,3,97500,5339
2,3,98000,5344
2,3,98500,5344
2,3,99000,5344
2,3,99500,5344
2,3,100000,5344
8,3,0,6492
8,3,500,6492
8,3,1000,6492
8,3,1500,6492
8,3,2000,6492
8,3,2500,6492
8,3,3000,6492
8,3,3500,6492
8,3,4000,6492
8,3,4500,6492
8,3,5000,6492
8,3,5500,6492
8,3,6000,6600
8,3,6500,6600
8,3,7000,6600
8,3,7500,6600
8,3,8000,6600
8,3,8500,6600
8,3,9000,6600
8,3,9500,6600
8,3,10000,6600
8,3,10500,6600
8,3,11000,6548
8,3,11500,6548
8,3,12000,6548
8,3,12500,6330
8,3,13000,6330
8,3,13500,6599
8,3,14000,6599
8,3,14500,6599
8,3,15000,6599
8,3,15500,6803
8,3,16000,6803
8,3,16500,6803
8,3,17000,6803
8,3,17500,6918
8,3,18000,6504
8,3,18500,6504
8,3,19000,6504
8,3,19500,6504
8,3,20000,6504
8,3,20500,6504
8,3,21000,6504
8,3,21500,6600
8,3,22000,6600
8,3,22500,5816
8,3,23000,5816
8,3,23500,5816
8,3,24000,5816
8,3,24500,5816
8,3,25000,5816
8,3,25500,5831
8,3,26000,6059
8,3,26500,6152
8,3,27000,6152
8,3,27500,6152
8,3,28000,6152
8,3,28500,6152
8,3,29000,6152
8,3,29500,6152
8,3,30000,6152
8,3,30500,5966
8,3,31000,5966
8,3,31500,5966
8,3,32000,5966
8,3,32500,5966
8,3,33000,5966
8,3,33500,5966
8,3,34000,5966
8,3,34500,5966
8,3,35000,5966
8,3,35500,5966
8,3,36000,5966
8,3,36500,5966
8,3,37000,6062
8,3,37500,6025
8,3,38000,6114
8,3,38500,6202
8,3,39000,6202
8,3,39500,6202
8,3,40000,6202
8,3,40500,6202
8,3,41000,6202
8,3,41500,6202
8,3,42000,6218
8,3,42500,6218
8,3,43000,6218
8,3,43500,6218
8,3,44000,6311
8,3,44500,6740
8,3,45000,6740
8,3,45500,6740
8,3,46000,6525
8,3,46500,6525
8,3,47000,6525
8,3,47500,6525
8,3,48000,6525
8,3,48500,6317
8,3,49000,6317
8,3,49500,6317
8,3,50000,6317
8,3,50500,6317
8,3,51000,6317
8,3,51500,6317
8,3,52000,6317
8,3,52500,6317
8,3,53000,6317
8,3,53500,6418
8,3,54000,6364
8,3,54500,6364
8,3,55000,6364
8,3,55500,6364
8,3,56000,6629
8,3,56500,6629
8,3,57000,6901
8,3,57500,6901
8,3,58000,6901
8,3,58500,6922
8,3,59000,6922
8,3,59500,6922
8,3,60000,6922
8,3,60500,6922
8,3,61000,7212
8,3,61500,7212
8,3,62000,7212
8,3,62500,7212
8,3,63000,6799
8,3,63500,6799
8,3,64000,6799
8,3,64500,7080
8,3,65000,7080
8,3,65500,7080
8,3,66000,7080
8,3,66500,7080
8,3,67000,7080
8,3,67500,7080
8,3,68000,7080
8,3,68500,7080
8,3,69000,7080
8,3,69500,6681
8,3,70000,6681
8,3,70500,6681
8,3,71000,6724
8,3,71500,6724
8,3,72000,6724
8,3,72500,6724
8,3,73000,6524
8,3,73500,6524
8,3,74000,6524
8,3,74500,6524
8,3,75000,6703
8,3,75500,6703
8,3,76000,6438
8,3,76500,6438
8,3,77000,6438
8,3,77500,6438
8,3,78000,6438
8,3,78500,6438
8,3,79000,6438
8,3,79500,6438
8,3,80000,6010
8,3,80500,6010
8,3,81000,6010
8,3,81500,6010
8,3,82000,6010
8,3,82500,6010
8,3,83000,6010
8,3,83500,6010
8,3,84000,6010
8,3,84500,5844
8,3,85000,5844
8,3,85500,5844
8,3,86000,5844
8,3,86500,5844
8,3,87000,5688
8,3,87500,5688
8,3,88000,5688
8,3,88500,5688
8,3,89000,5820
8,3,89500,5854
8,3,90000,5812
8,3,90500,5812
8,3,91000,5812
8,3,91500,5812
8,3,92000,5812
8,3,92500,5812
8,3,93000,5812
8,3,93500,5812
8,3,94000,5812
8,3,94500,5812
8,3,95000,5812
8,3,95500,5812
8,3,96000,5812
8,3,96500,5812
8,3,97000,5812
8,3,97500,5890
8,3,98000,5890
8,3,98500,6085
8,3,99000,6085
8,3,99500,6085
8,3,100000,6085
16,3,0,6492
16,3,500,6492
16,3,1000,6492
16,3,1500,6492
16,3,2000,6492
16,3,2500,6492
16,3,3000,6492
16,3,3500,6492
16,3,4000,6492
16,3,4500,6492
16,3,5000,6492
16,3,5500,6492
16,3,6000,6492
16,3,6500,6492
16,3,7000,6445
16,3,7500,6445
16,3,8000,6445
16,3,8500,6445
16,3,9000,6445
16,3,9500,6445
16,3,10000,6445
16,3,10500,6445
16,3,11000,5828
16,3,11500,5828
16,3,12000,5828
16,3,12500,5828
16,3,13000,5792
16,3,13500,5739
16,3,14000,5739
16,3,14500,5739
16,3,15000,5739
16,3,15500,5739
16,3,16000,5739
16,3,16500,5898
16,3,17000,5898
16,3,17500,5898
16,3,18000,5898
16,3,18500,5898
16,3,19000,5898
16,3,19500,5898
16,3,20000,5898
16,3,20500,5898
16,3,21000,6004
16,3,21500,6004
16,3,22000,6004
16,3,22500,6004
16,3,23000,6004
16,3,23500,6004
16,3,24000,6004
16,3,24500,6004
16,3,25000,6004
16,3,25500,6268
16,3,26000,6268
16,3,26500,6230
16,3,27000,6230
16,3,27500,6230
16,3,28000,6230
16,3,28500,6230
16,3,29000,6230
16,3,29500,6230
16,3,30000,6047
16,3,30500,6047
16,3,31000,6047
16,3,31500,6047
16,3,32000,6047
16,3,32500,6047
16,3,33000,6047
16,3,33500,6219
16,3,34000,6219
16,3,34500,6219
16,3,35000,6219
16,3,35500,6219
16,3,36000,6219
16,3,36500,6219
16,3,37000,6219
16,3,37500,6219
16,3,38000,6219
16,3,38500,5671
16,3,39000,5671
16,3,39500,5671
16,3,40000,5654
16,3,40500,5727
16,3,41000,5727
16,3,41500,5727
16,3,42000,5727
16,3,42500,5727
16,3,43000,5727
16,3,43500,5727
16,3,44000,5727
16,3,44500,5727
16,3,45000,5727
16,3,45500,5727
16,3,46000,5727
16,3,46500,5727
16,3,47000,5727
16,3,47500,5727
16,3,48000,5727
16,3,48500,5727
16,3,49000,5727
16,3,49500,5736
16,3,50000,5736
16,3,50500,5736
16,3,51000,5736
16,3,51500,5736
16,3,52000,6096
16,3,52500,6096
16,3,53000,6096
16,3,53500,6096
16,3,54000,6096
16,3,54500,6096
16,3,55000,6096
16,3,55500,6096
16,3,56000,6340
16,3,56500,6340
16,3,57000,6160
16,3,57500,6160
16,3,58000,6160
16,3,58500,6160
16,3,59000,6160
16,3,59500,6160
16,3,60000,6160
16,3,60500,6117
16,3,61000,6117
16,3,61500,6117
16,3,62000,6117
16,3,62500,6117
16,3,63000,6117
16,3,63500,6117
16,3,64000,6117
16,3,64500,6117
16,3,65000,6117
16,3,65500,6360
16,3,66000,6689
16,3,66500,6689
16,3,67000,6689
16,3,67500,6689
16,3,68000,6689
16,3,68500,6689
16,3,69000,6689
16,3,69500,6689
16,3,70000,6666
16,3,70500,6666
16,3,71000,6666
16,3,71500,6666
16,3,72000,6666
16,3,72500,6666
16,3,73000,6666
16,3,73500,6666
16,3,74000,6666
16,3,74500,6335
16,3,75000,6335
16,3,75500,6335
16,3,76000,6335
16,3,76500,6335
16,3,77000,6335
16,3,77500,6335
16,3,78000,6335
16,3,78500,6335
16,3,79000,5916
16,3,79500,5916
16,3,80000,5916
16,3,80500,6131
16,3,81000,6428
16,3,81500,6428
16,3,82000,6428
16,3,82500,6428
16,3,83000,6382
16,3,83500,6382
16,3,84000,6382
16,3,84500,6382
16,3,85000,6382
16,3,85500,6382
16,3,86000,6382
16,3,86500,6382
16,3,87000,6382
16,3,87500,6382
16,3,88000,6382
16,3,88500,6382
16,3,89000,6382
16,3,89500,6382
16,3,90000,6382
16,3,90500,6382
16,3,91000,6382
16,3,91500,6359
16,3,92000,6359
16,3,92500,6359
16,3,93000,6359
16,3,93500,6359
16,3,94000,6335
16,3,94500,6335
16,3,95000,6335
16,3,95500,6335
16,3,96000,6335
16,3,96500,6172
16,3,97000,6172
16,3,97500,6172
16,3,98000,6172
16,3,98500,6172
16,3,99000,6172
16,3,99500,6172
16,3,100000,6172
baseline,3,0,0
baseline,3,500,6499
baseline,3,1000,6505
baseline,3,1500,6512
baseline,3,2000,6518
baseline,3,2500,6525
baseline,3,3000,6531
baseline,3,3500,6538
baseline,3,4000,6544
baseline,3,4500,6551
baseline,3,5000,6557
baseline,3,5500,6564
baseline,3,6000,6570
baseline,3,6500,6577
baseline,3,7000,6583
baseline,3,7500,6590
baseline,3,8000,6596
baseline,3,8500,6603
baseline,3,9000,6609
baseline,3,9500,6616
baseline,3,10000,6622
baseline,3,10500,6629
baseline,3,11000,6635
baseline,3,11500,6642
baseline,3,12000,6648
baseline,3,12500,6655
baseline,3,13000,6661
baseline,3,13500,6668
baseline,3,14000,6674
baseline,3,14500,6681
baseline,3,15000,6687
baseline,3,15500,6694
baseline,3,16000,6700
baseline,3,16500,6707
baseline,3,17000,6713
baseline,3,17500,6720
baseline,3,18000,6726
baseline,3,18500,6733
baseline,3,19000,6739
baseline,3,19500,6746
baseline,3,20000,6752
baseline,3,20500,6759
baseline,3,21000,6765
baseline,3,21500,6772
baseline,3,22000,6778
baseline,3,22500,6785
baseline,3,23000,6791
baseline,3,23500,6798
baseline,3,24000,6804
baseline,3,24500,6811
baseline,3,25000,6817
baseline,3,25500,6823
baseline,3,26000,6830
baseline,3,26500,6836
baseline,3,27000,6843
baseline,3,27500,6849
baseline,3,28000,6856
baseline,3,28500,6862
baseline,3,29000,6869
baseline,3,29500,6875
baseline,3,30000,6882
baseline,3,30500,6888
baseline,3,31000,6895
baseline,3,31500,6901
baseline,3,32000,6908
baseline,3,32500,6914
baseline,3,33000,6921
baseline,3,33500,6927
baseline,3,34000,6934
baseline,3,34500,6940
baseline,3,35000,6947
baseline,3,35500,6953
baseline,3,36000,6960
baseline,3,36500,6966
baseline,3,37000,6973
baseline,3,37500,6979
baseline,3,38000,6986
baseline,3,38500,6992
baseline,3,39000,6999
baseline,3,39500,7005
baseline,3,40000,7012
baseline,3,40500,7018
baseline,3,41000,7025
baseline,3,41500,7031
baseline,3,42000,7038
baseline,3,42500,7044
baseline,3,43000,7051
baseline,3,43500,7057
baseline,3,44000,7064
baseline,3,44500,7070
baseline,3,45000,7077
baseline,3,45500,7083
baseline,3,46000,7090
baseline,3,46500,7096
baseline,3,47000,7103
baseline,3,47500,7109
baseline,3,48000,7116
baseline,3,48500,7122
baseline,3,49000,7129
baseline,3,49500,7135
baseline,3,50000,7142
baseline,3,50500,7148
baseline,3,51000,7155
baseline,3,51500,7161
baseline,3,52000,7168
baseline,3,52500,7174
baseline,3,53000,7181
baseline,3,53500,7187
baseline,3,54000,7194
baseline,3,54500,7200
baseline,3,55000,7207
baseline,3,55500,7213
baseline,3,56000,7220
baseline,3,56500,7226
baseline,3,57000,7233
baseline,3,57500,7239
baseline,3,58000,7246
baseline,3,58500,7252
baseline,3,59000,7259
baseline,3,59500,7265
baseline,3,60000,7272
baseline,3,60500,7278
baseline,3,61000,7285
baseline,3,61500,7291
baseline,3,62000,7298
baseline,3,62500,7304
baseline,3,63000,7311
baseline,3,63500,7317
baseline,3,64000,7323
baseline,3,64500,7330
baseline,3,65000,7336
baseline,3,65500,7343
baseline,3,66000,7349
baseline,3,66500,7356
baseline,3,67000,7362
baseline,3,67500,7369
baseline,3,68000,7375
baseline,3,68500,7382
baseline,3,69000,7388
baseline,3,69500,7395
baseline,3,70000,7401
baseline,3,70500,7408
baseline,3,71000,7414
baseline,3,71500,7421
baseline,3,72000,7427
baseline,3,72500,7434
baseline,3,73000,7440
baseline,3,73500,7447
baseline,3,74000,7453
baseline,3,74500,7460
baseline,3,75000,7466
baseline,3,75500,7473
baseline,3,76000,7479
baseline,3,76500,7486
baseline,3,77000,7492
baseline,3,77500,7499
baseline,3,78000,7505
baseline,3,78500,7512
baseline,3,79000,7518
baseline,3,79500,7525
baseline,3,80000,7531
baseline,3,80500,7538
baseline,3,81000,7544
baseline,3,81500,7551
baseline,3,82000,7557
baseline,3,82500,7564
baseline,3,83000,7570
baseline,3,83500,7577
baseline,3,84000,7583
baseline,3,84500,7590
baseline,3,85000,7596
baseline,3,85500,7603
baseline,3,86000,7609
baseline,3,86500,7616
baseline,3,87000,7622
baseline,3,87500,7629
baseline,3,88000,7635
baseline,3,88500,7642
baseline,3,89000,7648
baseline,3,89500,7655
baseline,3,90000,7661
baseline,3,90500,7668
baseline,3,91000,7674
baseline,3,91500,7681
baseline,3,92000,7687
baseline,3,92500,7694
baseline,3,93000,7700
baseline,3,93500,7707
baseline,3,94000,7713
baseline,3,94500,7720
baseline,3,95000,7726
baseline,3,95500,7733
baseline,3,96000,7739
baseline,3,96500,7746
baseline,3,97000,7752
baseline,3,97500,7759
baseline,3,98000,7765
baseline,3,98500,7772
baseline,3,99000,7778
baseline,3,99500,7785
baseline,3,100000,7791
0,4,0,5617
0,4,500,5617
0,4,1000,5617
0,4,1500,5617
0,4,2000,5617
0,4,2500,5617
0,4,3000,5617
0,4,3500,5617
0,4,4000,5617
0,4,4500,5617
0,4,5000,5617
0,4,5500,5617
0,4,6000,5617
0,4,6500,5617
0,4,7000,5617
0,4,7500,5617
0,4,8000,5617
0,4,8500,5617
0,4,9000,5617
0,4,9500,5386
0,4,10000,5386
0,4,10500,5386
0,4,11000,5386
0,4,11500,5392
0,4,12000,5175
0,4,12500,5175
0,4,13000,5175
0,4,13500,5075
0,4,14000,4980
0,4,14500,4980
0,4,15000,4846
0,4,15500,4759
0,4,16000,4759
0,4,16500,4759
0,4,17000,4759
0,4,17500,4764
0,4,18000,4681
0,4,18500,4681
0,4,19000,4681
0,4,19500,4523
0,4,20000,4448
0,4,20500,4448
0,4,21000,4448
0,4,21500,4457
0,4,22000,4457
0,4,22500,4457
0,4,23000,4457
0,4,23500,4393
0,4,24000,4323
0,4,24500,4327
0,4,25000,4332
0,4,25500,4264
0,4,26000,4198
0,4,26500,4198
0,4,27000,4211
0,4,27500,4029
0,4,28000,4029
0,4,28500,3915
0,4,29000,3915
0,4,29500,3919
0,4,30000,3811
0,4,30500,3709
0,4,31000,3661
0,4,31500,3617
0,4,32000,3624
0,4,32500,3624
0,4,33000,3624
0,4,33500,3624
0,4,34000,3533
0,4,34500,3533
0,4,35000,3447
0,4,35500,3450
0,4,36000,3450
0,4,36500,3409
0,4,37000,3368
0,4,37500,3368
0,4,38000,3291
0,4,38500,3291
0,4,39000,3294
0,4,39500,3297
0,4,40000,3297
0,4,40500,3259
0,4,41000,3259
0,4,41500,3263
0,4,42000,3263
0,4,42500,3229
0,4,43000,3232
0,4,43500,3196
0,4,44000,3196
0,4,44500,3196
0,4,45000,3199
0,4,45500,3183
0,4,46000,3149
0,4,46500,3149
0,4,47000,3149
0,4,47500,3152
0,4,48000,3152
0,4,48500,3158
0,4,49000,3158
0,4,49500,3161
0,4,50000,3161
0,4,50500,3161
0,4,51000,3127
0,4,51500,3130
0,4,52000,3130
0,4,52500,3136
0,4,53000,3102
0,4,53500,3105
0,4,54000,3105
0,4,54500,3105
0,4,55000,3073
0,4,55500,3044
0,4,56000,3047
0,4,56500,2988
0,4,57000,2988
0,4,57500,2958
0,4,58000,2900
0,4,58500,2875
0,4,59000,2875
0,4,59500,2875
0,4,60000,2848
0,4,60500,2850
0,4,61000,2853
0,4,61500,2853
0,4,62000,2856
0,4,62500,2856
0,4,63000,2831
0,4,63500,2831
0,4,64000,2805
0,4,64500,2810
0,4,65000,2784
0,4,65500,2789
0,4,66000,2789
0,4,66500,2789
0,4,67000,2764
0,4,67500,2714
0,4,68000,2720
0,4,68500,2695
0,4,69000,2651
0,4,69500,2654
0,4,70000,2654
0,4,70500,2654
0,4,71000,2656
0,4,71500,2656
0,4,72000,2659
0,4,72500,2663
0,4,73000,2643
0,4,73500,2646
0,4,74000,2625
0,4,74500,2606
0,4,75000,2608
0,4,75500,2587
0,4,76000,2587
0,4,76500,2565
0,4,77000,2565
0,4,77500,2565
0,4,78000,2565
0,4,78500,2570
0,4,79000,2570
0,4,79500,2570
0,4,80000,2572
0,4,80500,2572
0,4,81000,2572
0,4,81500,2554
0,4,82000,2554
0,4,82500,2533
0,4,83000,2535
0,4,83500,2515
0,4,84000,2515
0,4,84500,2517
0,4,85000,2517
0,4,85500,2524
0,4,86000,2531
0,4,86500,2531
0,4,87000,2531
0,4,87500,2531
0,4,88000,2531
0,4,88500,2531
0,4,89000,2531
0,4,89500,2533
0,4,90000,2533
0,4,90500,2533
0,4,91000,2533
0,4,91500,2513
0,4,92000,2513
0,4,92500,2515
0,4,93000,2515
0,4,93500,2518
0,4,94000,2518
0,4,94500,2520
0,4,95000,2511
0,4,95500,2491
0,4,96000,2455
0,4,96500,2439
0,4,97000,2439
0,4,97500,2441
0,4,98000,2441
0,4,98500,2441
0,4,99000,2441
0,4,99500,2445
0,4,100000,2445
2,4,0,5617
2,4,500,5617
2,4,1000,5617
2,4,1500,5617
2,4,2000,5617
2,4,2500,5617
2,4,3000,5617
2,4,3500,5617
2,4,4000,5617
2,4,4500,5617
2,4,5000,5617
2,4,5500,5617
2,4,6000,5617
2,4,6500,5617
2,4,7000,5617
2,4,7500,5617
2,4,8000,5617
2,4,8500,5617
2,4,9000,5617
2,4,9500,5691
2,4,10000,5635
2,4,10500,5635
2,4,11000,5635
2,4,11500,5707
2,4,12000,5707
2,4,12500,5707
2,4,13000,5598
2,4,13500,5598
2,4,14000,5598
2,4,14500,5546
2,4,15000,5492
2,4,15500,5492
2,4,16000,5492
2,4,16500,5562
2,4,17000,5562
2,4,17500,5562
2,4,18000,5562
2,4,18500,5562
2,4,19000,5562
2,4,19500,5240
2,4,20000,5413
2,4,20500,5365
2,4,21000,5365
2,4,21500,5365
2,4,22000,5264
2,4,22500,5438
2,4,23000,5391
2,4,23500,5342
2,4,24000,5342
2,4,24500,5342
2,4,25000,5588
2,4,25500,5728
2,4,26000,5623
2,4,26500,5818
2,4,27000,5818
2,4,27500,5636
2,4,28000,5586
2,4,28500,5586
2,4,29000,5420
2,4,29500,5793
2,4,30000,5810
2,4,30500,5810
2,4,31000,5810
2,4,31500,5810
2,4,32000,6016
2,4,32500,6016
2,4,33000,6016
2,4,33500,6094
2,4,34000,6094
2,4,34500,6176
2,4,35000,6117
2,4,35500,5926
2,4,36000,5926
2,4,36500,5926
2,4,37000,5926
2,4,37500,5926
2,4,38000,5926
2,4,38500,5926
2,4,39000,5869
2,4,39500,5869
2,4,40000,5869
2,4,40500,5945
2,4,41000,5945
2,4,41500,5890
2,4,42000,5890
2,4,42500,5890
2,4,43000,5890
2,4,43500,5544
2,4,44000,5611
2,4,44500,5611
2,4,45000,5611
2,4,45500,5508
2,4,46000,5415
2,4,46500,5477
2,4,47000,5477
2,4,47500,5539
2,4,48000,5722
2,4,48500,5722
2,4,49000,5558
2,4,49500,5558
2,4,50000,5576
2,4,50500,5576
2,4,51000,5576
2,4,51500,5576
2,4,52000,5576
2,4,52500,5589
2,4,53000,5390
2,4,53500,5345
2,4,54000,5345
2,4,54500,5420
2,4,55000,5420
2,4,55500,5420
2,4,56000,5420
2,4,56500,5420
2,4,57000,5420
2,4,57500,5420
2,4,58000,5420
2,4,58500,5482
2,4,59000,5332
2,4,59500,5332
2,4,60000,5332
2,4,60500,5289
2,4,61000,5289
2,4,61500,5289
2,4,62000,5346
2,4,62500,5209
2,4,63000,5209
2,4,63500,5209
2,4,64000,5209
2,4,64500,5223
2,4,65000,5223
2,4,65500,5179
2,4,66000,5288
2,4,66500,5288
2,4,67000,5288
2,4,67500,5151
2,4,68000,5112
2,4,68500,5075
2,4,69000,5075
2,4,69500,5126
2,4,70000,5126
2,4,70500,5126
2,4,71000,5126
2,4,71500,5085
2,4,72000,5140
2,4,72500,5099
2,4,73000,4972
2,4,73500,4934
2,4,74000,4934
2,4,74500,4934
2,4,75000,4934
2,4,75500,4986
2,4,76000,4949
2,4,76500,4949
2,4,77000,4949
2,4,77500,5048
2,4,78000,5048
2,4,78500,5192
2,4,79000,5192
2,4,79500,5113
2,4,80000,5165
2,4,80500,5218
2,4,81000,5271
2,4,81500,5136
2,4,82000,5136
2,4,82500,5136
2,4,83000,5341
2,4,83500,5341
2,4,84000,5341
2,4,84500,5355
2,4,85000,5312
2,4,85500,5312
2,4,86000,5312
2,4,86500,5312
2,4,87000,5312
2,4,87500,5229
2,4,88000,5147
2,4,88500,5294
2,4,89000,5294
2,4,89500,5294
2,4,90000,5294
2,4,90500,5294
2,4,91000,5349
2,4,91500,5404
2,4,92000,5360
2,4,92500,5188
2,4,93000,5188
2,4,93500,5188
2,4,94000,5061
2,4,94500,4992
2,4,95000,4956
2,4,95500,4956
2,4,96000,4956
2,4,96500,4956
2,4,97000,4956
2,4,97500,4956
2,4,98000,5003
2,4,98500,5003
2,4,99000,5003
2,4,99500,5003
2,4,100000,4932
8,4,0,5617
8,4,500,5617
8,4,1000,5617
8,4,1500,5617
8,4,2000,5617
8,4,2500,5617
8,4,3000,5617
8,4,3500,5617
8,4,4000,5617
8,4,4500,5617
8,4,5000,5617
8,4,5500,5617
8,4,6000,5617
8,4,6500,5617
8,4,7000,5617
8,4,7500,5617
8,4,8000,5617
8,4,8500,5617
8,4,9000,5638
8,4,9500,5854
8,4,10000,5854
8,4,10500,5800
8,4,11000,5800
8,4,11500,5800
8,4,12000,5800
8,4,12500,5800
8,4,13000,5630
8,4,13500,5630
8,4,14000,5630
8,4,14500,5712
8,4,15000,5712
8,4,15500,5670
8,4,16000,5670
8,4,16500,5670
8,4,17000,5670
8,4,17500,5670
8,4,18000,5670
8,4,18500,5670
8,4,19000,5816
8,4,19500,5816
8,4,20000,5903
8,4,20500,5903
8,4,21000,5903
8,4,21500,5903
8,4,22000,5903
8,4,22500,5903
8,4,23000,5903
8,4,23500,5870
8,4,24000,5825
8,4,24500,5825
8,4,25000,5825
8,4,25500,5825
8,4,26000,5825
8,4,26500,5825
8,4,27000,5825
8,4,27500,5621
8,4,28000,5580
8,4,28500,5580
8,4,29000,5580
8,4,29500,5580
8,4,30000,5580
8,4,30500,5580
8,4,31000,5580
8,4,31500,5580
8,4,32000,5580
8,4,32500,5580
8,4,33000,5580
8,4,33500,5720
8,4,34000,5720
8,4,34500,5720
8,4,35000,5720
8,4,35500,5720
8,4,36000,5720
8,4,36500,5720
8,4,37000,5720
8,4,37500,5720
8,4,38000,5943
8,4,38500,5943
8,4,39000,5976
8,4,39500,5976
8,4,40000,5976
8,4,40500,5976
8,4,41000,5976
8,4,41500,5976
8,4,42000,5976
8,4,42500,5976
8,4,43000,5806
8,4,43500,5806
8,4,44000,5985
8,4,44500,5985
8,4,45000,5985
8,4,45500,5985
8,4,46000,5985
8,4,46500,5985
8,4,47000,5985
8,4,47500,5947
8,4,48000,5947
8,4,48500,5947
8,4,49000,5947
8,4,49500,5947
8,4,50000,5947
8,4,50500,5902
8,4,51000,6114
8,4,51500,6114
8,4,52000,6075
8,4,52500,5895
8,4,53000,5895
8,4,53500,5895
8,4,54000,5895
8,4,54500,5895
8,4,55000,5895
8,4,55500,5895
8,4,56000,5895
8,4,56500,5895
8,4,57000,5895
8,4,57500,5895
8,4,58000,5895
8,4,58500,5895
8,4,59000,6076
8,4,59500,6076
8,4,60000,6076
8,4,60500,6076
8,4,61000,6076
8,4,61500,5732
8,4,62000,6060
8,4,62500,6060
8,4,63000,6060
8,4,63500,6060
8,4,64000,6060
8,4,64500,6060
8,4,65000,6156
8,4,65500,6156
8,4,66000,6156
8,4,66500,6156
8,4,67000,6156
8,4,67500,6156
8,4,68000,6156
8,4,68500,6156
8,4,69000,6156
8,4,69500,6156
8,4,70000,6156
8,4,70500,6156
8,4,71000,6156
8,4,71500,5865
8,4,72000,5941
8,4,72500,5898
8,4,73000,5898
8,4,73500,5898
8,4,74000,5898
8,4,74500,5898
8,4,75000,5898
8,4,75500,5898
8,4,76000,5898
8,4,76500,5627
8,4,77000,5627
8,4,77500,5627
8,4,78000,5627
8,4,78500,5830
8,4,79000,5777
8,4,79500,5777
8,4,80000,5777
8,4,80500,5777
8,4,81000,5777
8,4,81500,5777
8,4,82000,5777
8,4,82500,5576
8,4,83000,5576
8,4,83500,5576
8,4,84000,5576
8,4,84500,5883
8,4,85000,5883
8,4,85500,5883
8,4,86000,6091
8,4,86500,6091
8,4,87000,6091
8,4,87500,6091
8,4,88000,6091
8,4,88500,6561
8,4,89000,6561
8,4,89500,6561
8,4,90000,6561
8,4,90500,6561
8,4,91000,6561
8,4,91500,6561
8,4,92000,6561
8,4,92500,6561
8,4,93000,6561
8,4,93500,6561
8,4,94000,6561
8,4,94500,6240
8,4,95000,6465
8,4,95500,6465
8,4,96000,6465
8,4,96500,6465
8,4,97000,6465
8,4,97500,6417
8,4,98000,6417
8,4,98500,6417
8,4,99000,6417
8,4,99500,6417
8,4,100000,6417
16,4,0,5617
16,4,500,5617
16,4,1000,5617
16,4,1500,5617
16,4,2000,5617
16,4,2500,5617
16,4,3000,5617
16,4,3500,5617
16,4,4000,5617
16,4,4500,5617
16,4,5000,5617
16,4,5500,5617
16,4,6000,5617
16,4,6500,5617
16,4,7000,5617
16,4,7500,5617
16,4,8000,5617
16,4,8500,5645
16,4,9000,5645
16,4,9500,5614
16,4,10000,5614
16,4,10500,5614
16,4,11000,5614
16,4,11500,5614
16,4,12000,5719
16,4,12500,5719
16,4,13000,5719
16,4,13500,5719
16,4,14000,5719
16,4,14500,5719
16,4,15000,5719
16,4,15500,5939
16,4,16000,5939
16,4,16500,5939
16,4,17000,5939
16,4,17500,5939
16,4,18000,5939
16,4,18500,5900
16,4,19000,5900
16,4,19500,5900
16,4,20000,6072
16,4,20500,6072
16,4,21000,6072
16,4,21500,6072
16,4,22000,6072
16,4,22500,6072
16,4,23000,6072
16,4,23500,6072
16,4,24000,6072
16,4,24500,6072
16,4,25000,6072
16,4,25500,6072
16,4,26000,6072
16,4,26500,6072
16,4,27000,5917
16,4,27500,5917
16,4,28000,5868
16,4,28500,6032
16,4,29000,6136
16,4,29500,6136
16,4,30000,6136
16,4,30500,6136
16,4,31000,6136
16,4,31500,6136
16,4,32000,6136
16,4,32500,6136
16,4,33000,6136
16,4,33500,6136
16,4,34000,6136
16,4,34500,6136
16,4,35000,6136
16,4,35500,6136
16,4,36000,6136
16,4,36500,6136
16,4,37000,6136
16,4,37500,5990
16,4,38000,5990
16,4,38500,5990
16,4,39000,5990
16,4,39500,6105
16,4,40000,6105
16,4,40500,6105
16,4,41000,6105
16,4,41500,6105
16,4,42000,6105
16,4,42500,6105
16,4,43000,6105
16,4,43500,6105
16,4,44000,6105
16,4,44500,6105
16,4,45000,6105
16,4,45500,6105
16,4,46000,6278
16,4,46500,6278
16,4,47000,6278
16,4,47500,6238
16,4,48000,6238
16,4,48500,6238
16,4,49000,6238
16,4,49500,6238
16,4,50000,6207
16,4,50500,6207
16,4,51000,6207
16,4,51500,6207
16,4,52000,6207
16,4,52500,6207
16,4,53000,6207
16,4,53500,6207
16,4,54000,6207
16,4,54500,6163
16,4,55000,6059
16,4,55500,6059
16,4,56000,6059
16,4,56500,6022
16,4,57000,6022
16,4,57500,6022
16,4,58000,6022
16,4,58500,6022
16,4,59000,6022
16,4,59500,6022
16,4,60000,6022
16,4,60500,6022
16,4,61000,6022
16,4,61500,6022
16,4,62000,6022
16,4,62500,6022
16,4,63000,6022
16,4,63500,6022
16,4,64000,6022
16,4,64500,6122
16,4,65000,6392
16,4,65500,6491
16,4,66000,6491
16,4,66500,6491
16,4,67000,6491
16,4,67500,6491
16,4,68000,6491
16,4,68500,6491
16,4,69000,6491
16,4,69500,6491
16,4,70000,6491
16,4,70500,6491
16,4,71000,6491
16,4,71500,6491
16,4,72000,6491
16,4,72500,6491
16,4,73000,6491
16,4,73500,6491
16,4,74000,6491
16,4,74500,6314
16,4,75000,6314
16,4,75500,6011
16,4,76000,6011
16,4,76500,6170
16,4,77000,6170
16,4,77500,6170
16,4,78000,6170
16,4,78500,6170
16,4,79000,6170
16,4,79500,6170
16,4,80000,6170
16,4,80500,6170
16,4,81000,6338
16,4,81500,6338
16,4,82000,6338
16,4,82500,6338
16,4,83000,6581
16,4,83500,6581
16,4,84000,6581
16,4,84500,6581
16,4,85000,6789
16,4,85500,6789
16,4,86000,6789
16,4,86500,6789
16,4,87000,6789
16,4,87500,6789
16,4,88000,6789
16,4,88500,6789
16,4,89000,6789
16,4,89500,6789
16,4,90000,6789
16,4,90500,6789
16,4,91000,6789
16,4,91500,6746
16,4,92000,6746
16,4,92500,6746
16,4,93000,6746
16,4,93500,6746
16,4,94000,6746
16,4,94500,6746
16,4,95000,6746
16,4,95500,6702
16,4,96000,6963
16,4,96500,6963
16,4,97000,6917
16,4,97500,6917
16,4,98000,6917
16,4,98500,6917
16,4,99000,6917
16,4,99500,6917
16,4,100000,6917
baseline,4,0,0
baseline,4,500,5622
baseline,4,1000,5628
baseline,4,1500,5634
baseline,4,2000,5639
baseline,4,2500,5645
baseline,4,3000,5651
baseline,4,3500,5656
baseline,4,4000,5662
baseline,4,4500,5667
baseline,4,5000,5673
baseline,4,5500,5679
baseline,4,6000,5621
baseline,4,6500,5627
baseline,4,7000,5632
baseline,4,7500,5638
baseline,4,8000,5643
baseline,4,8500,5649
baseline,4,9000,5654
baseline,4,9500,5660
baseline,4,10000,5666
baseline,4,10500,5671
baseline,4,11000,5677
baseline,4,11500,5682
baseline,4,12000,5688
baseline,4,12500,5693
baseline,4,13000,5699
baseline,4,13500,5704
baseline,4,14000,5710
baseline,4,14500,5716
baseline,4,15000,5721
baseline,4,15500,5727
baseline,4,16000,5732
baseline,4,16500,5738
baseline,4,17000,5743
baseline,4,17500,5749
baseline,4,18000,5754
baseline,4,18500,5760
baseline,4,19000,5766
baseline,4,19500,5771
baseline,4,20000,5777
baseline,4,20500,5782
baseline,4,21000,5788
baseline,4,21500,5793
baseline,4,22000,5799
baseline,4,22500,5804
baseline,4,23000,5810
baseline,4,23500,5816
baseline,4,24000,5821
baseline,4,24500,5827
baseline,4,25000,5832
baseline,4,25500,5838
baseline,4,26000,5843
baseline,4,26500,5849
baseline,4,27000,5854
baseline,4,27500,5860
baseline,4,28000,5866
baseline,4,28500,5871
baseline,4,29000,5877
baseline,4,29500,5882
baseline,4,30000,5888
baseline,4,30500,5893
baseline,4,31000,5899
baseline,4,31500,5904
baseline,4,32000,5910
baseline,4,32500,5916
baseline,4,33000,5921
baseline,4,33500,5927
baseline,4,34000,5932
baseline,4,34500,5938
baseline,4,35000,5943
baseline,4,35500,5949
baseline,4,36000,5954
baseline,4,36500,5960
baseline,4,37000,5966
baseline,4,37500,5971
baseline,4,38000,5977
baseline,4,38500,5982
baseline,4,39000,5988
baseline,4,39500,5993
baseline,4,40000,5999
baseline,4,40500,6004
baseline,4,41000,6010
baseline,4,41500,6016
baseline,4,42000,6021
baseline,4,42500,6027
baseline,4,43000,6032
baseline,4,43500,6038
baseline,4,44000,6043
baseline,4,44500,6049
baseline,4,45000,6054
baseline,4,45500,6060
baseline,4,46000,6066
baseline,4,46500,6071
baseline,4,47000,6077
baseline,4,47500,6082
baseline,4,48000,6088
baseline,4,48500,6093
baseline,4,49000,6099
baseline,4,49500,6104
baseline,4,50000,6110
baseline,4,50500,6116
baseline,4,51000,6121
baseline,4,51500,6127
baseline,4,52000,6132
baseline,4,52500,6138
baseline,4,53000,6143
baseline,4,53500,6149
baseline,4,54000,6154
baseline,4,54500,6160
baseline,4,55000,6166
baseline,4,55500,6171
baseline,4,56000,6177
baseline,4,56500,6182
baseline,4,57000,6188
baseline,4,57500,6193
baseline,4,58000,6199
baseline,4,58500,6204
baseline,4,59000,6210
baseline,4,59500,6216
baseline,4,60000,6221
baseline,4,60500,6227
baseline,4,61000,6232
baseline,4,61500,6238
baseline,4,62000,6243
baseline,4,62500,6249
baseline,4,63000,6254
baseline,4,63500,6260
baseline,4,64000,6266
baseline,4,64500,6271
baseline,4,65000,6277
baseline,4,65500,6282
baseline,4,66000,6288
baseline,4,66500,6293
baseline,4,67000,6299
baseline,4,67500,6304
baseline,4,68000,6310
baseline,4,68500,6316
baseline,4,69000,6321
baseline,4,69500,6327
baseline,4,70000,6332
baseline,4,70500,6338
baseline,4,71000,6343
baseline,4,71500,6349
baseline,4,72000,6354
baseline,4,72500,6360
baseline,4,73000,6366
baseline,4,73500,6371
baseline,4,74000,6377
baseline,4,74500,6382
baseline,4,75000,6388
baseline,4,75500,6393
baseline,4,76000,6399
baseline,4,76500,6404
baseline,4,77000,6410
baseline,4,77500,6416
baseline,4,78000,6421
baseline,4,78500,6427
baseline,4,79000,6432
baseline,4,79500,6438
baseline,4,80000,6443
baseline,4,80500,6449
baseline,4,81000,6454
baseline,4,81500,6460
baseline,4,82000,6466
baseline,4,82500,6471
baseline,4,83000,6477
baseline,4,83500,6482
baseline,4,84000,6488
baseline,4,84500,6493
baseline,4,85000,6499
baseline,4,85500,6504
baseline,4,86000,6510
baseline,4,86500,6516
baseline,4,87000,6521
baseline,4,87500,6527
baseline,4,88000,6532
baseline,4,88500,6538
baseline,4,89000,6543
baseline,4,89500,6549
baseline,4,90000,6554
baseline,4,90500,6560
baseline,4,91000,6566
baseline,4,91500,6571
baseline,4,92000,6577
baseline,4,92500,6582
baseline,4,93000,6588
baseline,4,93500,6593
baseline,4,94000,6599
baseline,4,94500,6604
baseline,4,95000,6610
baseline,4,95500,6616
baseline,4,96000,6621
baseline,4,96500,6627
baseline,4,97000,6632
baseline,4,97500,6638
baseline,4,98000,6643
baseline,4,98500,6649
baseline,4,99000,6654
baseline,4,99500,6660
baseline,4,100000,6666
0,5,0,6172
0,5,500,6172
0,5,1000,6172
0,5,1500,6172
0,5,2000,6172
0,5,2500,6172
0,5,3000,6172
0,5,3500,6172
0,5,4000,6172
0,5,4500,6172
0,5,5000,6172
0,5,5500,6172
0,5,6000,6172
0,5,6500,6172
0,5,7000,6172
0,5,7500,6172
0,5,8000,6172
0,5,8500,6172
0,5,9000,6172
0,5,9500,6172
0,5,10000,6172
0,5,10500,6172
0,5,11000,6172
0,5,11500,6178
0,5,12000,6184
0,5,12500,6184
0,5,13000,6184
0,5,13500,6184
0,5,14000,6184
0,5,14500,6041
0,5,15000,6054
0,5,15500,5923
0,5,16000,5793
0,5,16500,5555
0,5,17000,5332
0,5,17500,5025
0,5,18000,4933
0,5,18500,4849
0,5,19000,4853
0,5,19500,4813
0,5,20000,4728
0,5,20500,4728
0,5,21000,4728
0,5,21500,4728
0,5,22000,4651
0,5,22500,4582
0,5,23000,4582
0,5,23500,4582
0,5,24000,4582
0,5,24500,4506
0,5,25000,4511
0,5,25500,4515
0,5,26000,4515
0,5,26500,4515
0,5,27000,4515
0,5,27500,4515
0,5,28000,4371
0,5,28500,4371
0,5,29000,4311
0,5,29500,4244
0,5,30000,4248
0,5,30500,4253
0,5,31000,4188
0,5,31500,4188
0,5,32000,4188
0,5,32500,4130
0,5,33000,4134
0,5,33500,4134
0,5,34000,4134
0,5,34500,4134
0,5,35000,4073
0,5,35500,3958
0,5,36000,3849
0,5,36500,3746
0,5,37000,3704
0,5,37500,3656
0,5,38000,3656
0,5,38500,3663
0,5,39000,3617
0,5,39500,3617
0,5,40000,3617
0,5,40500,3617
0,5,41000,3620
0,5,41500,3575
0,5,42000,3575
0,5,42500,3575
0,5,43000,3578
0,5,43500,3537
0,5,44000,3494
0,5,44500,3459
0,5,45000,3418
0,5,45500,3378
0,5,46000,3339
0,5,46500,3339
0,5,47000,3300
0,5,47500,3300
0,5,48000,3300
0,5,48500,3266
0,5,49000,3266
0,5,49500,3233
0,5,50000,3198
0,5,50500,3163
0,5,51000,3163
0,5,51500,3129
0,5,52000,3135
0,5,52500,3135
0,5,53000,3070
0,5,53500,3070
0,5,54000,3073
0,5,54500,3041
0,5,55000,3044
0,5,55500,3044
0,5,56000,3044
0,5,56500,2953
0,5,57000,2953
0,5,57500,2932
0,5,58000,2909
0,5,58500,2909
0,5,59000,2909
0,5,59500,2909
0,5,60000,2909
0,5,60500,2909
0,5,61000,2909
0,5,61500,2915
0,5,62000,2917
0,5,62500,2917
0,5,63000,2917
0,5,63500,2920
0,5,64000,2923
0,5,64500,2895
0,5,65000,2900
0,5,65500,2875
0,5,66000,2881
0,5,66500,2881
0,5,67000,2881
0,5,67500,2881
0,5,68000,2881
0,5,68500,2883
0,5,69000,2883
0,5,69500,2883
0,5,70000,2883
0,5,70500,2856
0,5,71000,2856
0,5,71500,2832
0,5,72000,2835
0,5,72500,2838
0,5,73000,2840
0,5,73500,2840
0,5,74000,2831
0,5,74500,2836
0,5,75000,2810
0,5,75500,2787
0,5,76000,2790
0,5,76500,2767
0,5,77000,2767
0,5,77500,2767
0,5,78000,2767
0,5,78500,2767
0,5,79000,2767
0,5,79500,2770
0,5,80000,2745
0,5,80500,2677
0,5,81000,2679
0,5,81500,2679
0,5,82000,2682
0,5,82500,2662
0,5,83000,2666
0,5,83500,2666
0,5,84000,2666
0,5,84500,2671
0,5,85000,2671
0,5,85500,2671
0,5,86000,2671
0,5,86500,2674
0,5,87000,2674
0,5,87500,2676
0,5,88000,2678
0,5,88500,2663
0,5,89000,2665
0,5,89500,2648
0,5,90000,2626
0,5,90500,2605
0,5,91000,2605
0,5,91500,2605
0,5,92000,2605
0,5,92500,2605
0,5,93000,2586
0,5,93500,2586
0,5,94000,2586
0,5,94500,2590
0,5,95000,2590
0,5,95500,2593
0,5,96000,2572
0,5,96500,2572
0,5,97000,2531
0,5,97500,2531
0,5,98000,2536
0,5,98500,2538
0,5,99000,2540
0,5,99500,2540
0,5,100000,2521
2,5,0,6172
2,5,500,6172
2,5,1000,6172
2,5,1500,6172
2,5,2000,6172
2,5,2500,6172
2,5,3000,6172
2,5,3500,6172
2,5,4000,6172
2,5,4500,6172
2,5,5000,6172
2,5,5500,6172
2,5,6000,6172
2,5,6500,6172
2,5,7000,6172
2,5,7500,6172
2,5,8000,6172
2,5,8500,6172
2,5,9000,6172
2,5,9500,6172
2,5,10000,6172
2,5,10500,6172
2,5,11000,6104
2,5,11500,6104
2,5,12000,6104
2,5,12500,6039
2,5,13000,6039
2,5,13500,6039
2,5,14000,6039
2,5,14500,6055
2,5,15000,6055
2,5,15500,5931
2,5,16000,5953
2,5,16500,6113
2,5,17000,6050
2,5,17500,5988
2,5,18000,6006
2,5,18500,5890
2,5,19000,5830
2,5,19500,5830
2,5,20000,5830
2,5,20500,5982
2,5,21000,6059
2,5,21500,6059
2,5,22000,6059
2,5,22500,6137
2,5,23000,6137
2,5,23500,6137
2,5,24000,6137
2,5,24500,6137
2,5,25000,6137
2,5,25500,6137
2,5,26000,6137
2,5,26500,6137
2,5,27000,6137
2,5,27500,6137
2,5,28000,5935
2,5,28500,5750
2,5,29000,5750
2,5,29500,5902
2,5,30000,5986
2,5,30500,5986
2,5,31000,6063
2,5,31500,6141
2,5,32000,6158
2,5,32500,6158
2,5,33000,6158
2,5,33500,6158
2,5,34000,6158
2,5,34500,5962
2,5,35000,6041
2,5,35500,6041
2,5,36000,6058
2,5,36500,6058
2,5,37000,6058
2,5,37500,6058
2,5,38000,6003
2,5,38500,6003
2,5,39000,5761
2,5,39500,5974
2,5,40000,5974
2,5,40500,5974
2,5,41000,5974
2,5,41500,6050
2,5,42000,5862
2,5,42500,5862
2,5,43000,5862
2,5,43500,5862
2,5,44000,5862
2,5,44500,5806
2,5,45000,5949
2,5,45500,5949
2,5,46000,5949
2,5,46500,5949
2,5,47000,6090
2,5,47500,5972
2,5,48000,6050
2,5,48500,6050
2,5,49000,6067
2,5,49500,6285
2,5,50000,6285
2,5,50500,6285
2,5,51000,6220
2,5,51500,6220
2,5,52000,6300
2,5,52500,6466
2,5,53000,6255
2,5,53500,6255
2,5,54000,6135
2,5,54500,6135
2,5,55000,6076
2,5,55500,6076
2,5,56000,6229
2,5,56500,6229
2,5,57000,6229
2,5,57500,6309
2,5,58000,6389
2,5,58500,6389
2,5,59000,6389
2,5,59500,6472
2,5,60000,6488
2,5,60500,6488
2,5,61000,6488
2,5,61500,6420
2,5,62000,6356
2,5,62500,6094
2,5,63000,6167
2,5,63500,6167
2,5,64000,6167
2,5,64500,6109
2,5,65000,6109
2,5,65500,6109
2,5,66000,6262
2,5,66500,6262
2,5,67000,6339
2,5,67500,6339
2,5,68000,6339
2,5,68500,6339
2,5,69000,6339
2,5,69500,6355
2,5,70000,6355
2,5,70500,6291
2,5,71000,6097
2,5,71500,6097
2,5,72000,6117
2,5,72500,6266
2,5,73000,6347
2,5,73500,6347
2,5,74000,6347
2,5,74500,6363
2,5,75000,6442
2,5,75500,6442
2,5,76000,6442
2,5,76500,6378
2,5,77000,6378
2,5,77500,6378
2,5,78000,6378
2,5,78500,6378
2,5,79000,6378
2,5,79500,6378
2,5,80000,6378
2,5,80500,6259
2,5,81000,6199
2,5,81500,6199
2,5,82000,6144
2,5,82500,6144
2,5,83000,5961
2,5,83500,5852
2,5,84000,5852
2,5,84500,5852
2,5,85000,5869
2,5,85500,5869
2,5,86000,5869
2,5,86500,5814
2,5,87000,5767
2,5,87500,5673
2,5,88000,5673
2,5,88500,5673
2,5,89000,5698
2,5,89500,5698
2,5,90000,5698
2,5,90500,5698
2,5,91000,5653
2,5,91500,5716
2,5,92000,5716
2,5,92500,5716
2,5,93000,5780
2,5,93500,5843
2,5,94000,5843
2,5,94500,5979
2,5,95000,6047
2,5,95500,6047
2,5,96000,6047
2,5,96500,5992
2,5,97000,6187
2,5,97500,6187
2,5,98000,6187
2,5,98500,6187
2,5,99000,6261
2,5,99500,6261
2,5,100000,6281
8,5,0,6172
8,5,500,6172
8,5,1000,6172
8,5,1500,6172
8,5,2000,6172
8,5,2500,6172
8,5,3000,6172
8,5,3500,6172
8,5,4000,6172
8,5,4500,6172
8,5,5000,6172
8,5,5500,6172
8,5,6000,6172
8,5,6500,6172
8,5,7000,6172
8,5,7500,6172
8,5,8000,6172
8,5,8500,6172
8,5,9000,6172
8,5,9500,6172
8,5,10000,6172
8,5,10500,6172
8,5,11000,5978
8,5,11500,5978
8,5,12000,5978
8,5,12500,6084
8,5,13000,6084
8,5,13500,6084
8,5,14000,5904
8,5,14500,5904
8,5,15000,5904
8,5,15500,5854
8,5,16000,5854
8,5,16500,5945
8,5,17000,5945
8,5,17500,5945
8,5,18000,6246
8,5,18500,6246
8,5,19000,6246
8,5,19500,6348
8,5,20000,6348
8,5,20500,6348
8,5,21000,6348
8,5,21500,6348
8,5,22000,6348
8,5,22500,6348
8,5,23000,6348
8,5,23500,6304
8,5,24000,6304
8,5,24500,6304
8,5,25000,6304
8,5,25500,6304
8,5,26000,6111
8,5,26500,6111
8,5,27000,6111
8,5,27500,6111
8,5,28000,6111
8,5,28500,6111
8,5,29000,6111
8,5,29500,6070
8,5,30000,6070
8,5,30500,6070
8,5,31000,6092
8,5,31500,6092
8,5,32000,6092
8,5,32500,6092
8,5,33000,6092
8,5,33500,6292
8,5,34000,6241
8,5,34500,6241
8,5,35000,6241
8,5,35500,6484
8,5,36000,6484
8,5,36500,6484
8,5,37000,6484
8,5,37500,6484
8,5,38000,6484
8,5,38500,6484
8,5,39000,6484
8,5,39500,6484
8,5,40000,6484
8,5,40500,6484
8,5,41000,6484
8,5,41500,6597
8,5,42000,6597
8,5,42500,6536
8,5,43000,6536
8,5,43500,6536
8,5,44000,6402
8,5,44500,6402
8,5,45000,6402
8,5,45500,6402
8,5,46000,6402
8,5,46500,6402
8,5,47000,6360
8,5,47500,6360
8,5,48000,6360
8,5,48500,6310
8,5,49000,6310
8,5,49500,6310
8,5,50000,6410
8,5,50500,6410
8,5,51000,6410
8,5,51500,6410
8,5,52000,6410
8,5,52500,6410
8,5,53000,6410
8,5,53500,6361
8,5,54000,6361
8,5,54500,6361
8,5,55000,6361
8,5,55500,6361
8,5,56000,6458
8,5,56500,6458
8,5,57000,6458
8,5,57500,6458
8,5,58000,6458
8,5,58500,6458
8,5,59000,6458
8,5,59500,6458
8,5,60000,6271
8,5,60500,6224
8,5,61000,6224
8,5,61500,6322
8,5,62000,6322
8,5,62500,6322
8,5,63000,6322
8,5,63500,6322
8,5,64000,6322
8,5,64500,6347
8,5,65000,6347
8,5,65500,6347
8,5,66000,6347
8,5,66500,6157
8,5,67000,6157
8,5,67500,6157
8,5,68000,6157
8,5,68500,6157
8,5,69000,6393
8,5,69500,6393
8,5,70000,6393
8,5,70500,6393
8,5,71000,6393
8,5,71500,6292
8,5,72000,6292
8,5,72500,6292
8,5,73000,6292
8,5,73500,6292
8,5,74000,6292
8,5,74500,6292
8,5,75000,6292
8,5,75500,6242
8,5,76000,6474
8,5,76500,6421
8,5,77000,6421
8,5,77500,6421
8,5,78000,6421
8,5,78500,6421
8,5,79000,6421
8,5,79500,6421
8,5,80000,6421
8,5,80500,6368
8,5,81000,6368
8,5,81500,6368
8,5,82000,6368
8,5,82500,6368
8,5,83000,6368
8,5,83500,6368
8,5,84000,6368
8,5,84500,6532
8,5,85000,6478
8,5,85500,6159
8,5,86000,6159
8,5,86500,6159
8,5,87000,6253
8,5,87500,6253
8,5,88000,6253
8,5,88500,6253
8,5,89000,6253
8,5,89500,6253
8,5,90000,6492
8,5,90500,6492
8,5,91000,6492
8,5,91500,6492
8,5,92000,6492
8,5,92500,6492
8,5,93000,6492
8,5,93500,6587
8,5,94000,6587
8,5,94500,6396
8,5,95000,6396
8,5,95500,6396
8,5,96000,6396
8,5,96500,6396
8,5,97000,6396
8,5,97500,6396
8,5,98000,6396
8,5,98500,6635
8,5,99000,6635
8,5,99500,6886
8,5,100000,6886
16,5,0,6172
16,5,500,6172
16,5,1000,6172
16,5,1500,6172
16,5,2000,6172
16,5,2500,6172
16,5,3000,6172
16,5,3500,6172
16,5,4000,6172
16,5,4500,6172
16,5,5000,6172
16,5,5500,6172
16,5,6000,6172
16,5,6500,6172
16,5,7000,6172
16,5,7500,6172
16,5,8000,6172
16,5,8500,6172
16,5,9000,6172
16,5,9500,6172
16,5,10000,6172
16,5,10500,6172
16,5,11000,6172
16,5,11500,6630
16,5,12000,6630
16,5,12500,6630
16,5,13000,6600
16,5,13500,6600
16,5,14000,6600
16,5,14500,6741
16,5,15000,6741
16,5,15500,6741
16,5,16000,6741
16,5,16500,6741
16,5,17000,6741
16,5,17500,6741
16,5,18000,6952
16,5,18500,6952
16,5,19000,6952
16,5,19500,6952
16,5,20000,6952
16,5,20500,6952
16,5,21000,6952
16,5,21500,6952
16,5,22000,6952
16,5,22500,6952
16,5,23000,6952
16,5,23500,6952
16,5,24000,6952
16,5,24500,7287
16,5,25000,7287
16,5,25500,6816
16,5,26000,6816
16,5,26500,6816
16,5,27000,6816
16,5,27500,6816
16,5,28000,6816
16,5,28500,6816
16,5,29000,6816
16,5,29500,6816
16,5,30000,6816
16,5,30500,6816
16,5,31000,6816
16,5,31500,6816
16,5,32000,6816
16,5,32500,6816
16,5,33000,6767
16,5,33500,6767
16,5,34000,6767
16,5,34500,6908
16,5,35000,6908
16,5,35500,6908
16,5,36000,6908
16,5,36500,6908
16,5,37000,6908
16,5,37500,6908
16,5,38000,6688
16,5,38500,6688
16,5,39000,6688
16,5,39500,6688
16,5,40000,6688
16,5,40500,6688
16,5,41000,6688
16,5,41500,6688
16,5,42000,6688
16,5,42500,6688
16,5,43000,6816
16,5,43500,6816
16,5,44000,6816
16,5,44500,6816
16,5,45000,6296
16,5,45500,6296
16,5,46000,6296
16,5,46500,6296
16,5,47000,6296
16,5,47500,6296
16,5,48000,6296
16,5,48500,6296
16,5,49000,6296
16,5,49500,6296
16,5,50000,6296
16,5,50500,6296
16,5,51000,6296
16,5,51500,6296
16,5,52000,6898
16,5,52500,6898
16,5,53000,7020
16,5,53500,6880
16,5,54000,6880
16,5,54500,6880
16,5,55000,6880
16,5,55500,6880
16,5,56000,6880
16,5,56500,6880
16,5,57000,6507
16,5,57500,6507
16,5,58000,6852
16,5,58500,6852
16,5,59000,6852
16,5,59500,6852
16,5,60000,6852
16,5,60500,6852
16,5,61000,6852
16,5,61500,6852
16,5,62000,6852
16,5,62500,6852
16,5,63000,6852
16,5,63500,6651
16,5,64000,6651
16,5,64500,6651
16,5,65000,6651
16,5,65500,6651
16,5,66000,6651
16,5,66500,6651
16,5,67000,6651
16,5,67500,6783
16,5,68000,6783
16,5,68500,6783
16,5,69000,6783
16,5,69500,6783
16,5,70000,6783
16,5,70500,6783
16,5,71000,6783
16,5,71500,6783
16,5,72000,6783
16,5,72500,6783
16,5,73000,6714
16,5,73500,6714
16,5,74000,6714
16,5,74500,6714
16,5,75000,6714
16,5,75500,6714
16,5,76000,6714
16,5,76500,6714
16,5,77000,6714
16,5,77500,6714
16,5,78000,6714
16,5,78500,6714
16,5,79000,6714
16,5,79500,7064
16,5,80000,7064
16,5,80500,7064
16,5,81000,6529
16,5,81500,5970
16,5,82000,5970
16,5,82500,5970
16,5,83000,5970
16,5,83500,5970
16,5,84000,5970
16,5,84500,5970
16,5,85000,5970
16,5,85500,5970
16,5,86000,5970
16,5,86500,5970
16,5,87000,5970
16,5,87500,6202
16,5,88000,6202
16,5,88500,6202
16,5,89000,6202
16,5,89500,6202
16,5,90000,6202
16,5,90500,6202
16,5,91000,6202
16,5,91500,6202
16,5,92000,6202
16,5,92500,6202
16,5,93000,6202
16,5,93500,6202
16,5,94000,6202
16,5,94500,6202
16,5,95000,6202
16,5,95500,6202
16,5,96000,6202
16,5,96500,6315
16,5,97000,6434
16,5,97500,6434
16,5,98000,6434
16,5,98500,6391
16,5,99000,6391
16,5,99500,6391
16,5,100000,6408
baseline,5,0,0
baseline,5,500,6178
baseline,5,1000,6184
baseline,5,1500,6190
baseline,5,2000,6196
baseline,5,2500,6202
baseline,5,3000,6209
baseline,5,3500,6215
baseline,5,4000,6221
baseline,5,4500,6227
baseline,5,5000,6233
baseline,5,5500,6240
baseline,5,6000,6246
baseline,5,6500,6252
baseline,5,7000,6258
baseline,5,7500,6264
baseline,5,8000,6270
baseline,5,8500,6277
baseline,5,9000,6283
baseline,5,9500,6289
baseline,5,10000,6295
baseline,5,10500,6301
baseline,5,11000,6307
baseline,5,11500,6314
baseline,5,12000,6320
baseline,5,12500,6326
baseline,5,13000,6332
baseline,5,13500,6338
baseline,5,14000,6344
baseline,5,14500,6351
baseline,5,15000,6357
baseline,5,15500,6363
baseline,5,16000,6369
baseline,5,16500,6375
baseline,5,17000,6381
baseline,5,17500,6388
baseline,5,18000,6394
baseline,5,18500,6400
baseline,5,19000,6406
baseline,5,19500,6412
baseline,5,20000,6419
baseline,5,20500,6425
baseline,5,21000,6431
baseline,5,21500,6437
baseline,5,22000,6443
baseline,5,22500,6449
baseline,5,23000,6456
baseline,5,23500,6462
baseline,5,24000,6468
baseline,5,24500,6474
baseline,5,25000,6480
baseline,5,25500,6486
baseline,5,26000,6493
baseline,5,26500,6499
baseline,5,27000,6505
baseline,5,27500,6511
baseline,5,28000,6517
baseline,5,28500,6523
baseline,5,29000,6530
baseline,5,29500,6536
baseline,5,30000,6542
baseline,5,30500,6548
baseline,5,31000,6554
baseline,5,31500,6560
baseline,5,32000,6567
baseline,5,32500,6573
baseline,5,33000,6579
baseline,5,33500,6585
baseline,5,34000,6591
baseline,5,34500,6598
baseline,5,35000,6604
baseline,5,35500,6610
baseline,5,36000,6616
baseline,5,36500,6622
baseline,5,37000,6628
baseline,5,37500,6635
baseline,5,38000,6641
baseline,5,38500,6647
baseline,5,39000,6653
baseline,5,39500,6659
baseline,5,40000,6665
baseline,5,40500,6672
baseline,5,41000,6678
baseline,5,41500,6684
baseline,5,42000,6690
baseline,5,42500,6696
baseline,5,43000,6702
baseline,5,43500,6709
baseline,5,44000,6715
baseline,5,44500,6721
baseline,5,45000,6727
baseline,5,45500,6733
baseline,5,46000,6740
baseline,5,46500,6746
baseline,5,47000,6752
baseline,5,47500,6758
baseline,5,48000,6764
baseline,5,48500,6770
baseline,5,49000,6777
baseline,5,49500,6783
baseline,5,50000,6789
baseline,5,50500,6795
baseline,5,51000,6801
baseline,5,51500,6807
baseline,5,52000,6814
baseline,5,52500,6820
baseline,5,53000,6826
baseline,5,53500,6832
baseline,5,54000,6838
baseline,5,54500,6844
baseline,5,55000,6851
baseline,5,55500,6857
baseline,5,56000,6863
baseline,5,56500,6869
baseline,5,57000,6875
baseline,5,57500,6881
baseline,5,58000,6888
baseline,5,58500,6894
baseline,5,59000,6900
baseline,5,59500,6906
baseline,5,60000,6912
baseline,5,60500,6919
baseline,5,61000,6925
baseline,5,61500,6931
baseline,5,62000,6937
baseline,5,62500,6943
baseline,5,63000,6949
baseline,5,63500,6956
baseline,5,64000,6962
baseline,5,64500,6968
baseline,5,65000,6974
baseline,5,65500,6980
baseline,5,66000,6986
baseline,5,66500,6993
baseline,5,67000,6999
baseline,5,67500,7005
baseline,5,68000,7011
baseline,5,68500,7017
baseline,5,69000,7023
baseline,5,69500,7030
baseline,5,70000,7036
baseline,5,70500,7042
baseline,5,71000,7048
baseline,5,71500,7054
baseline,5,72000,7060
baseline,5,72500,7067
baseline,5,73000,7073
baseline,5,73500,7079
baseline,5,74000,7085
baseline,5,74500,7091
baseline,5,75000,7098
baseline,5,75500,7104
baseline,5,76000,7110
baseline,5,76500,7116
baseline,5,77000,7122
baseline,5,77500,7128
baseline,5,78000,7135
baseline,5,78500,7141
baseline,5,79000,7147
baseline,5,79500,7153
baseline,5,80000,7159
baseline,5,80500,7165
baseline,5,81000,7172
baseline,5,81500,7178
baseline,5,82000,7184
baseline,5,82500,7190
baseline,5,83000,7196
baseline,5,83500,7202
baseline,5,84000,7209
baseline,5,84500,7215
baseline,5,85000,7221
baseline,5,85500,7227
baseline,5,86000,7233
baseline,5,86500,7240
baseline,5,87000,7246
baseline,5,87500,7252
baseline,5,88000,7258
baseline,5,88500,7264
baseline,5,89000,7270
baseline,5,89500,7277
baseline,5,90000,7283
baseline,5,90500,7289
baseline,5,91000,7295
baseline,5,91500,7301
baseline,5,92000,7307
baseline,5,92500,7314
baseline,5,93000,7320
baseline,5,93500,7326
baseline,5,94000,7332
baseline,5,94500,7338
baseline,5,95000,7344
baseline,5,95500,7351
baseline,5,96000,7357
baseline,5,96500,7363
baseline,5,97000,7369
baseline,5,97500,7375
baseline,5,98000,7381
baseline,5,98500,7388
baseline,5,99000,7394
baseline,5,99500,7400
baseline,5,100000,7406
